--------------------------------------------------------
-- Archivo creado  - Sunday-October-29-2023   
--------------------------------------------------------
--------------------------------------------------------
--  DDL for Table CANTON
--------------------------------------------------------

  CREATE TABLE "HAPPYPAWS"."CANTON" 
   (	"IDCANTON" NUMBER(11,0) GENERATED BY DEFAULT AS IDENTITY MINVALUE 1 MAXVALUE 9999999999999999999999999999 INCREMENT BY 1 START WITH 1 CACHE 20 NOORDER  NOCYCLE  NOKEEP  NOSCALE , 
	"NOMBRE" VARCHAR2(50 BYTE), 
	"IDPROVINCIA" NUMBER(11,0)
   ) SEGMENT CREATION IMMEDIATE 
  PCTFREE 10 PCTUSED 40 INITRANS 1 MAXTRANS 255 
 NOCOMPRESS LOGGING
  STORAGE(INITIAL 65536 NEXT 1048576 MINEXTENTS 1 MAXEXTENTS 2147483645
  PCTINCREASE 0 FREELISTS 1 FREELIST GROUPS 1
  BUFFER_POOL DEFAULT FLASH_CACHE DEFAULT CELL_FLASH_CACHE DEFAULT)
  TABLESPACE "HAPPYPAWS" ;
--------------------------------------------------------
--  DDL for Table CARGO
--------------------------------------------------------

  CREATE TABLE "HAPPYPAWS"."CARGO" 
   (	"IDCARGO" NUMBER(11,0) GENERATED BY DEFAULT AS IDENTITY MINVALUE 1 MAXVALUE 9999999999999999999999999999 INCREMENT BY 1 START WITH 1 CACHE 20 NOORDER  NOCYCLE  NOKEEP  NOSCALE , 
	"CARGO" VARCHAR2(30 BYTE)
   ) SEGMENT CREATION DEFERRED 
  PCTFREE 10 PCTUSED 40 INITRANS 1 MAXTRANS 255 
 NOCOMPRESS LOGGING
  TABLESPACE "HAPPYPAWS" ;
--------------------------------------------------------
--  DDL for Table CITAS
--------------------------------------------------------

  CREATE TABLE "HAPPYPAWS"."CITAS" 
   (	"IDCITA" NUMBER(11,0) GENERATED BY DEFAULT AS IDENTITY MINVALUE 1 MAXVALUE 9999999999999999999999999999 INCREMENT BY 1 START WITH 1 CACHE 20 NOORDER  NOCYCLE  NOKEEP  NOSCALE , 
	"IDHORARIO" NUMBER(11,0), 
	"IDMASCOTA" NUMBER(11,0), 
	"IDSERVICIO" NUMBER(11,0)
   ) SEGMENT CREATION DEFERRED 
  PCTFREE 10 PCTUSED 40 INITRANS 1 MAXTRANS 255 
 NOCOMPRESS LOGGING
  TABLESPACE "HAPPYPAWS" ;
--------------------------------------------------------
--  DDL for Table CLIENTE
--------------------------------------------------------

  CREATE TABLE "HAPPYPAWS"."CLIENTE" 
   (	"IDCLIENTE" NUMBER(11,0) GENERATED BY DEFAULT AS IDENTITY MINVALUE 1 MAXVALUE 9999999999999999999999999999 INCREMENT BY 1 START WITH 1 CACHE 20 NOORDER  NOCYCLE  NOKEEP  NOSCALE , 
	"NOMBRE" VARCHAR2(30 BYTE), 
	"APELLIDO1" VARCHAR2(30 BYTE), 
	"APELLIDO2" VARCHAR2(30 BYTE), 
	"TELEFONO" VARCHAR2(15 BYTE), 
	"DOMICILIO" VARCHAR2(250 BYTE), 
	"IDPROVINCIA" NUMBER(11,0), 
	"IDCANTON" NUMBER(11,0), 
	"IDDISTRITO" NUMBER(11,0), 
	"CORREO" VARCHAR2(100 BYTE), 
	"CONTRASENA" VARCHAR2(250 BYTE), 
	"IDROL" NUMBER(10,0) DEFAULT 3
   ) SEGMENT CREATION IMMEDIATE 
  PCTFREE 10 PCTUSED 40 INITRANS 1 MAXTRANS 255 
 NOCOMPRESS LOGGING
  STORAGE(INITIAL 65536 NEXT 1048576 MINEXTENTS 1 MAXEXTENTS 2147483645
  PCTINCREASE 0 FREELISTS 1 FREELIST GROUPS 1
  BUFFER_POOL DEFAULT FLASH_CACHE DEFAULT CELL_FLASH_CACHE DEFAULT)
  TABLESPACE "HAPPYPAWS" ;
--------------------------------------------------------
--  DDL for Table COLABORADOR
--------------------------------------------------------

  CREATE TABLE "HAPPYPAWS"."COLABORADOR" 
   (	"IDCOLABORADOR" NUMBER(11,0) GENERATED BY DEFAULT AS IDENTITY MINVALUE 1 MAXVALUE 9999999999999999999999999999 INCREMENT BY 1 START WITH 1 CACHE 20 NOORDER  NOCYCLE  NOKEEP  NOSCALE , 
	"NOMBRE" VARCHAR2(30 BYTE), 
	"APELLIDO1" VARCHAR2(30 BYTE), 
	"APELLIDO2" VARCHAR2(30 BYTE), 
	"EDAD" NUMBER(11,0), 
	"IDCARGO" NUMBER(11,0), 
	"IDESPECIALIDAD" NUMBER(11,0), 
	"IDROL" NUMBER, 
	"CORREO" VARCHAR2(100 BYTE), 
	"CONTRASENA" VARCHAR2(250 BYTE)
   ) SEGMENT CREATION DEFERRED 
  PCTFREE 10 PCTUSED 40 INITRANS 1 MAXTRANS 255 
 NOCOMPRESS LOGGING
  TABLESPACE "HAPPYPAWS" ;
--------------------------------------------------------
--  DDL for Table COLABORADORSERVICIO
--------------------------------------------------------

  CREATE TABLE "HAPPYPAWS"."COLABORADORSERVICIO" 
   (	"IDSERVICIO" NUMBER(11,0), 
	"IDCOLABORADOR" NUMBER(11,0)
   ) SEGMENT CREATION DEFERRED 
  PCTFREE 10 PCTUSED 40 INITRANS 1 MAXTRANS 255 
 NOCOMPRESS LOGGING
  TABLESPACE "HAPPYPAWS" ;
--------------------------------------------------------
--  DDL for Table CONTACTO
--------------------------------------------------------

  CREATE TABLE "HAPPYPAWS"."CONTACTO" 
   (	"IDCONTACTO" NUMBER(11,0) GENERATED BY DEFAULT AS IDENTITY MINVALUE 1 MAXVALUE 9999999999999999999999999999 INCREMENT BY 1 START WITH 1 CACHE 20 NOORDER  NOCYCLE  NOKEEP  NOSCALE , 
	"NOMBRE" VARCHAR2(100 BYTE), 
	"EMAIL" VARCHAR2(50 BYTE), 
	"ASUNTO" VARCHAR2(100 BYTE), 
	"MENSAJE" VARCHAR2(250 BYTE)
   ) SEGMENT CREATION DEFERRED 
  PCTFREE 10 PCTUSED 40 INITRANS 1 MAXTRANS 255 
 NOCOMPRESS LOGGING
  TABLESPACE "HAPPYPAWS" ;
--------------------------------------------------------
--  DDL for Table DISTRITO
--------------------------------------------------------

  CREATE TABLE "HAPPYPAWS"."DISTRITO" 
   (	"IDDISTRITO" NUMBER(11,0) GENERATED BY DEFAULT AS IDENTITY MINVALUE 1 MAXVALUE 9999999999999999999999999999 INCREMENT BY 1 START WITH 1 CACHE 20 NOORDER  NOCYCLE  NOKEEP  NOSCALE , 
	"NOMBRE" VARCHAR2(50 BYTE), 
	"IDCANTON" NUMBER(11,0)
   ) SEGMENT CREATION IMMEDIATE 
  PCTFREE 10 PCTUSED 40 INITRANS 1 MAXTRANS 255 
 NOCOMPRESS LOGGING
  STORAGE(INITIAL 65536 NEXT 1048576 MINEXTENTS 1 MAXEXTENTS 2147483645
  PCTINCREASE 0 FREELISTS 1 FREELIST GROUPS 1
  BUFFER_POOL DEFAULT FLASH_CACHE DEFAULT CELL_FLASH_CACHE DEFAULT)
  TABLESPACE "HAPPYPAWS" ;
--------------------------------------------------------
--  DDL for Table ESPECIALIDAD
--------------------------------------------------------

  CREATE TABLE "HAPPYPAWS"."ESPECIALIDAD" 
   (	"IDESPECIALIDAD" NUMBER(11,0) GENERATED BY DEFAULT AS IDENTITY MINVALUE 1 MAXVALUE 9999999999999999999999999999 INCREMENT BY 1 START WITH 1 CACHE 20 NOORDER  NOCYCLE  NOKEEP  NOSCALE , 
	"ESPECIALIDAD" VARCHAR2(50 BYTE), 
	"DESCRIPCION" VARCHAR2(200 BYTE)
   ) SEGMENT CREATION DEFERRED 
  PCTFREE 10 PCTUSED 40 INITRANS 1 MAXTRANS 255 
 NOCOMPRESS LOGGING
  TABLESPACE "HAPPYPAWS" ;
--------------------------------------------------------
--  DDL for Table HISTORIALMEDICO
--------------------------------------------------------

  CREATE TABLE "HAPPYPAWS"."HISTORIALMEDICO" 
   (	"IDHMEDICO" NUMBER(11,0) GENERATED BY DEFAULT AS IDENTITY MINVALUE 1 MAXVALUE 9999999999999999999999999999 INCREMENT BY 1 START WITH 1 CACHE 20 NOORDER  NOCYCLE  NOKEEP  NOSCALE , 
	"DETALLECITA" VARCHAR2(200 BYTE), 
	"COSTO" NUMBER(11,0), 
	"IDMASCOTA" NUMBER(11,0), 
	"IDCOLABORADOR" NUMBER(11,0), 
	"IDCITA" NUMBER(11,0)
   ) SEGMENT CREATION DEFERRED 
  PCTFREE 10 PCTUSED 40 INITRANS 1 MAXTRANS 255 
 NOCOMPRESS LOGGING
  TABLESPACE "HAPPYPAWS" ;
--------------------------------------------------------
--  DDL for Table HORARIOCITAS
--------------------------------------------------------

  CREATE TABLE "HAPPYPAWS"."HORARIOCITAS" 
   (	"IDHORARIO" NUMBER(11,0) GENERATED BY DEFAULT AS IDENTITY MINVALUE 1 MAXVALUE 9999999999999999999999999999 INCREMENT BY 1 START WITH 1 CACHE 20 NOORDER  NOCYCLE  NOKEEP  NOSCALE , 
	"FECHA" DATE, 
	"HORAINICIO" TIMESTAMP (6), 
	"HORAFIN" TIMESTAMP (6)
   ) SEGMENT CREATION DEFERRED 
  PCTFREE 10 PCTUSED 40 INITRANS 1 MAXTRANS 255 
 NOCOMPRESS LOGGING
  TABLESPACE "HAPPYPAWS" ;
--------------------------------------------------------
--  DDL for Table HORARIOCOLABORADOR
--------------------------------------------------------

  CREATE TABLE "HAPPYPAWS"."HORARIOCOLABORADOR" 
   (	"IDHORARIO" NUMBER(11,0), 
	"IDCOLABORADOR" NUMBER(11,0)
   ) SEGMENT CREATION DEFERRED 
  PCTFREE 10 PCTUSED 40 INITRANS 1 MAXTRANS 255 
 NOCOMPRESS LOGGING
  TABLESPACE "HAPPYPAWS" ;
--------------------------------------------------------
--  DDL for Table MASCOTA
--------------------------------------------------------

  CREATE TABLE "HAPPYPAWS"."MASCOTA" 
   (	"IDMASCOTA" NUMBER(11,0) GENERATED BY DEFAULT AS IDENTITY MINVALUE 1 MAXVALUE 9999999999999999999999999999 INCREMENT BY 1 START WITH 1 CACHE 20 NOORDER  NOCYCLE  NOKEEP  NOSCALE , 
	"NOMBRE" VARCHAR2(30 BYTE), 
	"EDAD" NUMBER(11,0), 
	"IDTIPOMASCOTA" NUMBER(11,0), 
	"IDCLIENTE" NUMBER(11,0)
   ) SEGMENT CREATION DEFERRED 
  PCTFREE 10 PCTUSED 40 INITRANS 1 MAXTRANS 255 
 NOCOMPRESS LOGGING
  TABLESPACE "HAPPYPAWS" ;
--------------------------------------------------------
--  DDL for Table PROVINCIA
--------------------------------------------------------

  CREATE TABLE "HAPPYPAWS"."PROVINCIA" 
   (	"IDPROVINCIA" NUMBER(11,0) GENERATED BY DEFAULT AS IDENTITY MINVALUE 1 MAXVALUE 9999999999999999999999999999 INCREMENT BY 1 START WITH 1 CACHE 20 NOORDER  NOCYCLE  NOKEEP  NOSCALE , 
	"NOMBRE" VARCHAR2(50 BYTE)
   ) SEGMENT CREATION IMMEDIATE 
  PCTFREE 10 PCTUSED 40 INITRANS 1 MAXTRANS 255 
 NOCOMPRESS LOGGING
  STORAGE(INITIAL 65536 NEXT 1048576 MINEXTENTS 1 MAXEXTENTS 2147483645
  PCTINCREASE 0 FREELISTS 1 FREELIST GROUPS 1
  BUFFER_POOL DEFAULT FLASH_CACHE DEFAULT CELL_FLASH_CACHE DEFAULT)
  TABLESPACE "HAPPYPAWS" ;
--------------------------------------------------------
--  DDL for Table RAZA
--------------------------------------------------------

  CREATE TABLE "HAPPYPAWS"."RAZA" 
   (	"IDRAZA" NUMBER(11,0) GENERATED BY DEFAULT AS IDENTITY MINVALUE 1 MAXVALUE 9999999999999999999999999999 INCREMENT BY 1 START WITH 1 CACHE 20 NOORDER  NOCYCLE  NOKEEP  NOSCALE , 
	"NOMBRE" VARCHAR2(40 BYTE)
   ) SEGMENT CREATION DEFERRED 
  PCTFREE 10 PCTUSED 40 INITRANS 1 MAXTRANS 255 
 NOCOMPRESS LOGGING
  TABLESPACE "HAPPYPAWS" ;
--------------------------------------------------------
--  DDL for Table ROL
--------------------------------------------------------

  CREATE TABLE "HAPPYPAWS"."ROL" 
   (	"IDROL" NUMBER(11,0) GENERATED BY DEFAULT AS IDENTITY MINVALUE 1 MAXVALUE 9999999999999999999999999999 INCREMENT BY 1 START WITH 1 CACHE 20 NOORDER  NOCYCLE  NOKEEP  NOSCALE , 
	"NOMBREROL" VARCHAR2(50 BYTE)
   ) SEGMENT CREATION IMMEDIATE 
  PCTFREE 10 PCTUSED 40 INITRANS 1 MAXTRANS 255 
 NOCOMPRESS LOGGING
  STORAGE(INITIAL 65536 NEXT 1048576 MINEXTENTS 1 MAXEXTENTS 2147483645
  PCTINCREASE 0 FREELISTS 1 FREELIST GROUPS 1
  BUFFER_POOL DEFAULT FLASH_CACHE DEFAULT CELL_FLASH_CACHE DEFAULT)
  TABLESPACE "HAPPYPAWS" ;
--------------------------------------------------------
--  DDL for Table SERVICIOS
--------------------------------------------------------

  CREATE TABLE "HAPPYPAWS"."SERVICIOS" 
   (	"IDSERVICIO" NUMBER(11,0) GENERATED BY DEFAULT AS IDENTITY MINVALUE 1 MAXVALUE 9999999999999999999999999999 INCREMENT BY 1 START WITH 1 CACHE 20 NOORDER  NOCYCLE  NOKEEP  NOSCALE , 
	"SERVICIO" VARCHAR2(50 BYTE), 
	"DESCRIPCION" VARCHAR2(200 BYTE)
   ) SEGMENT CREATION DEFERRED 
  PCTFREE 10 PCTUSED 40 INITRANS 1 MAXTRANS 255 
 NOCOMPRESS LOGGING
  TABLESPACE "HAPPYPAWS" ;
--------------------------------------------------------
--  DDL for Table TIPOMASCOTA
--------------------------------------------------------

  CREATE TABLE "HAPPYPAWS"."TIPOMASCOTA" 
   (	"IDTIPOMASCOTA" NUMBER(11,0) GENERATED BY DEFAULT AS IDENTITY MINVALUE 1 MAXVALUE 9999999999999999999999999999 INCREMENT BY 1 START WITH 1 CACHE 20 NOORDER  NOCYCLE  NOKEEP  NOSCALE , 
	"TIPO" VARCHAR2(30 BYTE), 
	"IDRAZA" NUMBER(11,0)
   ) SEGMENT CREATION DEFERRED 
  PCTFREE 10 PCTUSED 40 INITRANS 1 MAXTRANS 255 
 NOCOMPRESS LOGGING
  TABLESPACE "HAPPYPAWS" ;
REM INSERTING into HAPPYPAWS.CANTON
SET DEFINE OFF;
Insert into HAPPYPAWS.CANTON (IDCANTON,NOMBRE,IDPROVINCIA) values ('1','PUNTARENAS','6');
Insert into HAPPYPAWS.CANTON (IDCANTON,NOMBRE,IDPROVINCIA) values ('2','LIMON','7');
Insert into HAPPYPAWS.CANTON (IDCANTON,NOMBRE,IDPROVINCIA) values ('3','TALAMANCA','7');
Insert into HAPPYPAWS.CANTON (IDCANTON,NOMBRE,IDPROVINCIA) values ('4','MATINA','7');
Insert into HAPPYPAWS.CANTON (IDCANTON,NOMBRE,IDPROVINCIA) values ('5','GOLFITO','6');
Insert into HAPPYPAWS.CANTON (IDCANTON,NOMBRE,IDPROVINCIA) values ('6','TURRIALBA','3');
Insert into HAPPYPAWS.CANTON (IDCANTON,NOMBRE,IDPROVINCIA) values ('7','SIQUIRRES','7');
Insert into HAPPYPAWS.CANTON (IDCANTON,NOMBRE,IDPROVINCIA) values ('8','POCOCI','7');
Insert into HAPPYPAWS.CANTON (IDCANTON,NOMBRE,IDPROVINCIA) values ('9','BUENOS AIRES','6');
Insert into HAPPYPAWS.CANTON (IDCANTON,NOMBRE,IDPROVINCIA) values ('10','COTO BRUS','6');
Insert into HAPPYPAWS.CANTON (IDCANTON,NOMBRE,IDPROVINCIA) values ('11','CORREDORES','6');
Insert into HAPPYPAWS.CANTON (IDCANTON,NOMBRE,IDPROVINCIA) values ('12','OSA','6');
Insert into HAPPYPAWS.CANTON (IDCANTON,NOMBRE,IDPROVINCIA) values ('13','PEREZ ZELEDON','1');
Insert into HAPPYPAWS.CANTON (IDCANTON,NOMBRE,IDPROVINCIA) values ('14','JIMENEZ','3');
Insert into HAPPYPAWS.CANTON (IDCANTON,NOMBRE,IDPROVINCIA) values ('15','CARTAGO','3');
Insert into HAPPYPAWS.CANTON (IDCANTON,NOMBRE,IDPROVINCIA) values ('16','OREAMUNO','3');
Insert into HAPPYPAWS.CANTON (IDCANTON,NOMBRE,IDPROVINCIA) values ('17','LA UNION','3');
Insert into HAPPYPAWS.CANTON (IDCANTON,NOMBRE,IDPROVINCIA) values ('18','EL GUARCO','3');
Insert into HAPPYPAWS.CANTON (IDCANTON,NOMBRE,IDPROVINCIA) values ('19','PARAISO','3');
Insert into HAPPYPAWS.CANTON (IDCANTON,NOMBRE,IDPROVINCIA) values ('20','ALVARADO','3');
Insert into HAPPYPAWS.CANTON (IDCANTON,NOMBRE,IDPROVINCIA) values ('21','GUACIMO','7');
Insert into HAPPYPAWS.CANTON (IDCANTON,NOMBRE,IDPROVINCIA) values ('22','SANTA ANA','1');
Insert into HAPPYPAWS.CANTON (IDCANTON,NOMBRE,IDPROVINCIA) values ('23','ESCAZU','1');
Insert into HAPPYPAWS.CANTON (IDCANTON,NOMBRE,IDPROVINCIA) values ('24','SAN JOSE','1');
Insert into HAPPYPAWS.CANTON (IDCANTON,NOMBRE,IDPROVINCIA) values ('25','CURRIDABAT','1');
Insert into HAPPYPAWS.CANTON (IDCANTON,NOMBRE,IDPROVINCIA) values ('26','MONTES DE OCA','1');
Insert into HAPPYPAWS.CANTON (IDCANTON,NOMBRE,IDPROVINCIA) values ('27','TIBAS','1');
Insert into HAPPYPAWS.CANTON (IDCANTON,NOMBRE,IDPROVINCIA) values ('28','MORAVIA','1');
Insert into HAPPYPAWS.CANTON (IDCANTON,NOMBRE,IDPROVINCIA) values ('29','VAZQUEZ DE CORONADO','1');
Insert into HAPPYPAWS.CANTON (IDCANTON,NOMBRE,IDPROVINCIA) values ('30','SANTO DOMINGO','4');
Insert into HAPPYPAWS.CANTON (IDCANTON,NOMBRE,IDPROVINCIA) values ('31','GOICOECHEA','1');
Insert into HAPPYPAWS.CANTON (IDCANTON,NOMBRE,IDPROVINCIA) values ('32','ALAJUELA','2');
Insert into HAPPYPAWS.CANTON (IDCANTON,NOMBRE,IDPROVINCIA) values ('33','ACOSTA','1');
Insert into HAPPYPAWS.CANTON (IDCANTON,NOMBRE,IDPROVINCIA) values ('34','ALAJUELITA','1');
Insert into HAPPYPAWS.CANTON (IDCANTON,NOMBRE,IDPROVINCIA) values ('35','MORA','1');
Insert into HAPPYPAWS.CANTON (IDCANTON,NOMBRE,IDPROVINCIA) values ('36','ASERRI','1');
Insert into HAPPYPAWS.CANTON (IDCANTON,NOMBRE,IDPROVINCIA) values ('37','DESAMPARADOS','1');
Insert into HAPPYPAWS.CANTON (IDCANTON,NOMBRE,IDPROVINCIA) values ('38','BELEN','4');
Insert into HAPPYPAWS.CANTON (IDCANTON,NOMBRE,IDPROVINCIA) values ('39','FLORES','4');
Insert into HAPPYPAWS.CANTON (IDCANTON,NOMBRE,IDPROVINCIA) values ('40','HEREDIA','4');
Insert into HAPPYPAWS.CANTON (IDCANTON,NOMBRE,IDPROVINCIA) values ('41','DOTA','1');
Insert into HAPPYPAWS.CANTON (IDCANTON,NOMBRE,IDPROVINCIA) values ('42','TARRAZU','1');
Insert into HAPPYPAWS.CANTON (IDCANTON,NOMBRE,IDPROVINCIA) values ('43','SARAPIQUI','4');
Insert into HAPPYPAWS.CANTON (IDCANTON,NOMBRE,IDPROVINCIA) values ('44','LEON CORTES','1');
Insert into HAPPYPAWS.CANTON (IDCANTON,NOMBRE,IDPROVINCIA) values ('45','PARRITA','6');
Insert into HAPPYPAWS.CANTON (IDCANTON,NOMBRE,IDPROVINCIA) values ('46','GRECIA','2');
Insert into HAPPYPAWS.CANTON (IDCANTON,NOMBRE,IDPROVINCIA) values ('47','SANTA BARBARA','4');
Insert into HAPPYPAWS.CANTON (IDCANTON,NOMBRE,IDPROVINCIA) values ('48','POAS','2');
Insert into HAPPYPAWS.CANTON (IDCANTON,NOMBRE,IDPROVINCIA) values ('49','BARVA','4');
Insert into HAPPYPAWS.CANTON (IDCANTON,NOMBRE,IDPROVINCIA) values ('50','SAN RAFAEL','4');
Insert into HAPPYPAWS.CANTON (IDCANTON,NOMBRE,IDPROVINCIA) values ('51','SAN ISIDRO','4');
Insert into HAPPYPAWS.CANTON (IDCANTON,NOMBRE,IDPROVINCIA) values ('52','ATENAS','2');
Insert into HAPPYPAWS.CANTON (IDCANTON,NOMBRE,IDPROVINCIA) values ('53','TURRUBARES','1');
Insert into HAPPYPAWS.CANTON (IDCANTON,NOMBRE,IDPROVINCIA) values ('54','PURISCAL','1');
Insert into HAPPYPAWS.CANTON (IDCANTON,NOMBRE,IDPROVINCIA) values ('55','AGUIRRE','6');
Insert into HAPPYPAWS.CANTON (IDCANTON,NOMBRE,IDPROVINCIA) values ('56','SAN CARLOS','2');
Insert into HAPPYPAWS.CANTON (IDCANTON,NOMBRE,IDPROVINCIA) values ('57','NARANJO','2');
Insert into HAPPYPAWS.CANTON (IDCANTON,NOMBRE,IDPROVINCIA) values ('58','PALMARES','2');
Insert into HAPPYPAWS.CANTON (IDCANTON,NOMBRE,IDPROVINCIA) values ('59','SAN RAMON','2');
Insert into HAPPYPAWS.CANTON (IDCANTON,NOMBRE,IDPROVINCIA) values ('60','VALVERDE VEGA','2');
Insert into HAPPYPAWS.CANTON (IDCANTON,NOMBRE,IDPROVINCIA) values ('61','SAN MATEO','2');
Insert into HAPPYPAWS.CANTON (IDCANTON,NOMBRE,IDPROVINCIA) values ('62','ZARCERO','2');
Insert into HAPPYPAWS.CANTON (IDCANTON,NOMBRE,IDPROVINCIA) values ('63','GARABITO','6');
Insert into HAPPYPAWS.CANTON (IDCANTON,NOMBRE,IDPROVINCIA) values ('64','OROTINA','2');
Insert into HAPPYPAWS.CANTON (IDCANTON,NOMBRE,IDPROVINCIA) values ('65','ESPARZA','6');
Insert into HAPPYPAWS.CANTON (IDCANTON,NOMBRE,IDPROVINCIA) values ('66','MONTES DE ORO','6');
Insert into HAPPYPAWS.CANTON (IDCANTON,NOMBRE,IDPROVINCIA) values ('67','ABANGARES','5');
Insert into HAPPYPAWS.CANTON (IDCANTON,NOMBRE,IDPROVINCIA) values ('68','TILARAN','5');
Insert into HAPPYPAWS.CANTON (IDCANTON,NOMBRE,IDPROVINCIA) values ('69','UPALA','2');
Insert into HAPPYPAWS.CANTON (IDCANTON,NOMBRE,IDPROVINCIA) values ('70','GUATUSO','2');
Insert into HAPPYPAWS.CANTON (IDCANTON,NOMBRE,IDPROVINCIA) values ('71','NANDAYURE','5');
Insert into HAPPYPAWS.CANTON (IDCANTON,NOMBRE,IDPROVINCIA) values ('72','CA헤S','5');
Insert into HAPPYPAWS.CANTON (IDCANTON,NOMBRE,IDPROVINCIA) values ('73','NICOYA','5');
Insert into HAPPYPAWS.CANTON (IDCANTON,NOMBRE,IDPROVINCIA) values ('74','BAGACES','5');
Insert into HAPPYPAWS.CANTON (IDCANTON,NOMBRE,IDPROVINCIA) values ('75','HOJANCHA','5');
Insert into HAPPYPAWS.CANTON (IDCANTON,NOMBRE,IDPROVINCIA) values ('76','SANTA CRUZ','5');
Insert into HAPPYPAWS.CANTON (IDCANTON,NOMBRE,IDPROVINCIA) values ('77','LIBERIA','5');
Insert into HAPPYPAWS.CANTON (IDCANTON,NOMBRE,IDPROVINCIA) values ('78','LA CRUZ','5');
Insert into HAPPYPAWS.CANTON (IDCANTON,NOMBRE,IDPROVINCIA) values ('79','CARRILLO','5');
Insert into HAPPYPAWS.CANTON (IDCANTON,NOMBRE,IDPROVINCIA) values ('80','LOS CHILES','2');
Insert into HAPPYPAWS.CANTON (IDCANTON,NOMBRE,IDPROVINCIA) values ('81','SAN PABLO','4');
REM INSERTING into HAPPYPAWS.CARGO
SET DEFINE OFF;
REM INSERTING into HAPPYPAWS.CITAS
SET DEFINE OFF;
REM INSERTING into HAPPYPAWS.CLIENTE
SET DEFINE OFF;
Insert into HAPPYPAWS.CLIENTE (IDCLIENTE,NOMBRE,APELLIDO1,APELLIDO2,TELEFONO,DOMICILIO,IDPROVINCIA,IDCANTON,IDDISTRITO,CORREO,CONTRASENA,IDROL) values ('23',null,null,null,null,null,null,null,null,'a@test.com','$2y$10$S1ibhlPbsR3EZqpBN4BNUOeWOVbW7BhoYrYTH8oXPecuh21BblF0W','3');
Insert into HAPPYPAWS.CLIENTE (IDCLIENTE,NOMBRE,APELLIDO1,APELLIDO2,TELEFONO,DOMICILIO,IDPROVINCIA,IDCANTON,IDDISTRITO,CORREO,CONTRASENA,IDROL) values ('24',null,null,null,null,null,null,null,null,'b@test.com','$2y$10$K5TftdZVdRudRPflO5FlFO92hBCnYxwzuW.FsmI7TKkYaOF040hzy','3');
Insert into HAPPYPAWS.CLIENTE (IDCLIENTE,NOMBRE,APELLIDO1,APELLIDO2,TELEFONO,DOMICILIO,IDPROVINCIA,IDCANTON,IDDISTRITO,CORREO,CONTRASENA,IDROL) values ('25',null,null,null,null,null,null,null,null,'ac@test.com','$2y$10$txp0gRgVU5lz1ZZleYJBxufGtgqQ/YtXSoxYgwy/R/ftz9Ic20p6O','3');
Insert into HAPPYPAWS.CLIENTE (IDCLIENTE,NOMBRE,APELLIDO1,APELLIDO2,TELEFONO,DOMICILIO,IDPROVINCIA,IDCANTON,IDDISTRITO,CORREO,CONTRASENA,IDROL) values ('3','Bryan',' P本ez',' Reyes','88888888','Coronado cascajal','1','29','393','bperez@admin.com','12345','3');
REM INSERTING into HAPPYPAWS.COLABORADOR
SET DEFINE OFF;
REM INSERTING into HAPPYPAWS.COLABORADORSERVICIO
SET DEFINE OFF;
REM INSERTING into HAPPYPAWS.CONTACTO
SET DEFINE OFF;
REM INSERTING into HAPPYPAWS.DISTRITO
SET DEFINE OFF;
Insert into HAPPYPAWS.DISTRITO (IDDISTRITO,NOMBRE,IDCANTON) values ('1','ISLA DEL COCO','1');
Insert into HAPPYPAWS.DISTRITO (IDDISTRITO,NOMBRE,IDCANTON) values ('2','MONTE VERDE','1');
Insert into HAPPYPAWS.DISTRITO (IDDISTRITO,NOMBRE,IDCANTON) values ('3','GUACIMAL','1');
Insert into HAPPYPAWS.DISTRITO (IDDISTRITO,NOMBRE,IDCANTON) values ('4','PUNTARENAS','1');
Insert into HAPPYPAWS.DISTRITO (IDDISTRITO,NOMBRE,IDCANTON) values ('5','PAQUERA','1');
Insert into HAPPYPAWS.DISTRITO (IDDISTRITO,NOMBRE,IDCANTON) values ('6','CHACARITA','1');
Insert into HAPPYPAWS.DISTRITO (IDDISTRITO,NOMBRE,IDCANTON) values ('7','BARRANCA','1');
Insert into HAPPYPAWS.DISTRITO (IDDISTRITO,NOMBRE,IDCANTON) values ('8','EL ROBLE','1');
Insert into HAPPYPAWS.DISTRITO (IDDISTRITO,NOMBRE,IDCANTON) values ('9','PITAHAYA','1');
Insert into HAPPYPAWS.DISTRITO (IDDISTRITO,NOMBRE,IDCANTON) values ('10','CHOMES','1');
Insert into HAPPYPAWS.DISTRITO (IDDISTRITO,NOMBRE,IDCANTON) values ('11','LEPANTO','1');
Insert into HAPPYPAWS.DISTRITO (IDDISTRITO,NOMBRE,IDCANTON) values ('12','CHIRA','1');
Insert into HAPPYPAWS.DISTRITO (IDDISTRITO,NOMBRE,IDCANTON) values ('13','COBANO','1');
Insert into HAPPYPAWS.DISTRITO (IDDISTRITO,NOMBRE,IDCANTON) values ('14','MANZANILLO','1');
Insert into HAPPYPAWS.DISTRITO (IDDISTRITO,NOMBRE,IDCANTON) values ('15','ACAPULCO','1');
Insert into HAPPYPAWS.DISTRITO (IDDISTRITO,NOMBRE,IDCANTON) values ('16','ARANCIBIA','1');
Insert into HAPPYPAWS.DISTRITO (IDDISTRITO,NOMBRE,IDCANTON) values ('17','SIERPE','1');
Insert into HAPPYPAWS.DISTRITO (IDDISTRITO,NOMBRE,IDCANTON) values ('18','QUEPOS','1');
Insert into HAPPYPAWS.DISTRITO (IDDISTRITO,NOMBRE,IDCANTON) values ('19','LIMON','2');
Insert into HAPPYPAWS.DISTRITO (IDDISTRITO,NOMBRE,IDCANTON) values ('20','VALLE DE LA ESTRELLA','2');
Insert into HAPPYPAWS.DISTRITO (IDDISTRITO,NOMBRE,IDCANTON) values ('21','RIO BLANCO','2');
Insert into HAPPYPAWS.DISTRITO (IDDISTRITO,NOMBRE,IDCANTON) values ('22','MATAMA','2');
Insert into HAPPYPAWS.DISTRITO (IDDISTRITO,NOMBRE,IDCANTON) values ('23','OCCIDENTAL','15');
Insert into HAPPYPAWS.DISTRITO (IDDISTRITO,NOMBRE,IDCANTON) values ('24','AGUACALIENTE O SAN FRANCISCO','15');
Insert into HAPPYPAWS.DISTRITO (IDDISTRITO,NOMBRE,IDCANTON) values ('25','SAN NICOLAS','15');
Insert into HAPPYPAWS.DISTRITO (IDDISTRITO,NOMBRE,IDCANTON) values ('26','ORIENTAL','15');
Insert into HAPPYPAWS.DISTRITO (IDDISTRITO,NOMBRE,IDCANTON) values ('27','CARMEN','15');
Insert into HAPPYPAWS.DISTRITO (IDDISTRITO,NOMBRE,IDCANTON) values ('28','GUADALUPE O ARENILLA','15');
Insert into HAPPYPAWS.DISTRITO (IDDISTRITO,NOMBRE,IDCANTON) values ('29','LLANO GRANDE','15');
Insert into HAPPYPAWS.DISTRITO (IDDISTRITO,NOMBRE,IDCANTON) values ('30','TIERRA BLANCA','15');
Insert into HAPPYPAWS.DISTRITO (IDDISTRITO,NOMBRE,IDCANTON) values ('31','DULCE NOMBRE','15');
Insert into HAPPYPAWS.DISTRITO (IDDISTRITO,NOMBRE,IDCANTON) values ('32','CORRALILLO','15');
Insert into HAPPYPAWS.DISTRITO (IDDISTRITO,NOMBRE,IDCANTON) values ('33','QUEBRADILLAS','15');
Insert into HAPPYPAWS.DISTRITO (IDDISTRITO,NOMBRE,IDCANTON) values ('34','ZAPOTE','24');
Insert into HAPPYPAWS.DISTRITO (IDDISTRITO,NOMBRE,IDCANTON) values ('35','MATA REDONDA','24');
Insert into HAPPYPAWS.DISTRITO (IDDISTRITO,NOMBRE,IDCANTON) values ('36','PAVAS','24');
Insert into HAPPYPAWS.DISTRITO (IDDISTRITO,NOMBRE,IDCANTON) values ('37','URUCA','24');
Insert into HAPPYPAWS.DISTRITO (IDDISTRITO,NOMBRE,IDCANTON) values ('38','CATEDRAL','24');
Insert into HAPPYPAWS.DISTRITO (IDDISTRITO,NOMBRE,IDCANTON) values ('39','MERCED','24');
Insert into HAPPYPAWS.DISTRITO (IDDISTRITO,NOMBRE,IDCANTON) values ('40','HATILLO','24');
Insert into HAPPYPAWS.DISTRITO (IDDISTRITO,NOMBRE,IDCANTON) values ('41','SAN SEBASTIAN','24');
Insert into HAPPYPAWS.DISTRITO (IDDISTRITO,NOMBRE,IDCANTON) values ('42','HOSPITAL','24');
Insert into HAPPYPAWS.DISTRITO (IDDISTRITO,NOMBRE,IDCANTON) values ('43','EL CARMEN','24');
Insert into HAPPYPAWS.DISTRITO (IDDISTRITO,NOMBRE,IDCANTON) values ('44','SAN FRANCISCO DE DOS RIOS','24');
Insert into HAPPYPAWS.DISTRITO (IDDISTRITO,NOMBRE,IDCANTON) values ('45','RIO SEGUNDO','32');
Insert into HAPPYPAWS.DISTRITO (IDDISTRITO,NOMBRE,IDCANTON) values ('46','ALAJUELA','32');
Insert into HAPPYPAWS.DISTRITO (IDDISTRITO,NOMBRE,IDCANTON) values ('47','DESAMPARADOS','32');
Insert into HAPPYPAWS.DISTRITO (IDDISTRITO,NOMBRE,IDCANTON) values ('48','CARRIZAL','32');
Insert into HAPPYPAWS.DISTRITO (IDDISTRITO,NOMBRE,IDCANTON) values ('49','SAN JOSE','32');
Insert into HAPPYPAWS.DISTRITO (IDDISTRITO,NOMBRE,IDCANTON) values ('50','SAN ANTONIO','32');
Insert into HAPPYPAWS.DISTRITO (IDDISTRITO,NOMBRE,IDCANTON) values ('51','TURRUCARES','32');
Insert into HAPPYPAWS.DISTRITO (IDDISTRITO,NOMBRE,IDCANTON) values ('52','GUACIMA','32');
Insert into HAPPYPAWS.DISTRITO (IDDISTRITO,NOMBRE,IDCANTON) values ('53','SAN RAFAEL','32');
Insert into HAPPYPAWS.DISTRITO (IDDISTRITO,NOMBRE,IDCANTON) values ('54','SARAPIQUI','32');
Insert into HAPPYPAWS.DISTRITO (IDDISTRITO,NOMBRE,IDCANTON) values ('55','SAN ISIDRO','32');
Insert into HAPPYPAWS.DISTRITO (IDDISTRITO,NOMBRE,IDCANTON) values ('56','SABANILLA','32');
Insert into HAPPYPAWS.DISTRITO (IDDISTRITO,NOMBRE,IDCANTON) values ('57','TAMBOR','32');
Insert into HAPPYPAWS.DISTRITO (IDDISTRITO,NOMBRE,IDCANTON) values ('58','GARITA','32');
Insert into HAPPYPAWS.DISTRITO (IDDISTRITO,NOMBRE,IDCANTON) values ('59','ULLOA','40');
Insert into HAPPYPAWS.DISTRITO (IDDISTRITO,NOMBRE,IDCANTON) values ('60','SAN FRANCISCO','40');
Insert into HAPPYPAWS.DISTRITO (IDDISTRITO,NOMBRE,IDCANTON) values ('61','VARABLANCA','40');
Insert into HAPPYPAWS.DISTRITO (IDDISTRITO,NOMBRE,IDCANTON) values ('62','MERCEDES','40');
Insert into HAPPYPAWS.DISTRITO (IDDISTRITO,NOMBRE,IDCANTON) values ('63','HEREDIA','40');
Insert into HAPPYPAWS.DISTRITO (IDDISTRITO,NOMBRE,IDCANTON) values ('64','CURUBANDE','77');
Insert into HAPPYPAWS.DISTRITO (IDDISTRITO,NOMBRE,IDCANTON) values ('65','LIBERIA','77');
Insert into HAPPYPAWS.DISTRITO (IDDISTRITO,NOMBRE,IDCANTON) values ('66','NACASCOLO','77');
Insert into HAPPYPAWS.DISTRITO (IDDISTRITO,NOMBRE,IDCANTON) values ('67','MAYORGA','77');
Insert into HAPPYPAWS.DISTRITO (IDDISTRITO,NOMBRE,IDCANTON) values ('68','CA헤S DULCES','77');
Insert into HAPPYPAWS.DISTRITO (IDDISTRITO,NOMBRE,IDCANTON) values ('69','COLORADO','8');
Insert into HAPPYPAWS.DISTRITO (IDDISTRITO,NOMBRE,IDCANTON) values ('70','JIMENES','8');
Insert into HAPPYPAWS.DISTRITO (IDDISTRITO,NOMBRE,IDCANTON) values ('71','CARIARI','8');
Insert into HAPPYPAWS.DISTRITO (IDDISTRITO,NOMBRE,IDCANTON) values ('72','RITA','8');
Insert into HAPPYPAWS.DISTRITO (IDDISTRITO,NOMBRE,IDCANTON) values ('73','ROXANA','8');
Insert into HAPPYPAWS.DISTRITO (IDDISTRITO,NOMBRE,IDCANTON) values ('74','GUAPILES','8');
Insert into HAPPYPAWS.DISTRITO (IDDISTRITO,NOMBRE,IDCANTON) values ('75','SANTIAGO','19');
Insert into HAPPYPAWS.DISTRITO (IDDISTRITO,NOMBRE,IDCANTON) values ('76','CACHI','19');
Insert into HAPPYPAWS.DISTRITO (IDDISTRITO,NOMBRE,IDCANTON) values ('77','PARAISO','19');
Insert into HAPPYPAWS.DISTRITO (IDDISTRITO,NOMBRE,IDCANTON) values ('78','OROSI','19');
Insert into HAPPYPAWS.DISTRITO (IDDISTRITO,NOMBRE,IDCANTON) values ('79','LLANOS DE SANTA LUCIA','19');
Insert into HAPPYPAWS.DISTRITO (IDDISTRITO,NOMBRE,IDCANTON) values ('80','SAN ANTONIO','23');
Insert into HAPPYPAWS.DISTRITO (IDDISTRITO,NOMBRE,IDCANTON) values ('81','SAN RAFAEL','23');
Insert into HAPPYPAWS.DISTRITO (IDDISTRITO,NOMBRE,IDCANTON) values ('82','ESCAZU','23');
Insert into HAPPYPAWS.DISTRITO (IDDISTRITO,NOMBRE,IDCANTON) values ('83','SAN PEDRO','49');
Insert into HAPPYPAWS.DISTRITO (IDDISTRITO,NOMBRE,IDCANTON) values ('84','SANTA LUCIA','49');
Insert into HAPPYPAWS.DISTRITO (IDDISTRITO,NOMBRE,IDCANTON) values ('85','BARVA','49');
Insert into HAPPYPAWS.DISTRITO (IDDISTRITO,NOMBRE,IDCANTON) values ('86','SAN JOSE DE LA MONTA헤','49');
Insert into HAPPYPAWS.DISTRITO (IDDISTRITO,NOMBRE,IDCANTON) values ('87','SAN ROQUE','49');
Insert into HAPPYPAWS.DISTRITO (IDDISTRITO,NOMBRE,IDCANTON) values ('88','SAN PABLO','49');
Insert into HAPPYPAWS.DISTRITO (IDDISTRITO,NOMBRE,IDCANTON) values ('89','ALFARO','59');
Insert into HAPPYPAWS.DISTRITO (IDDISTRITO,NOMBRE,IDCANTON) values ('90','SAN JUAN','59');
Insert into HAPPYPAWS.DISTRITO (IDDISTRITO,NOMBRE,IDCANTON) values ('91','SAN ISIDRO','59');
Insert into HAPPYPAWS.DISTRITO (IDDISTRITO,NOMBRE,IDCANTON) values ('92','SAN RAMON','59');
Insert into HAPPYPAWS.DISTRITO (IDDISTRITO,NOMBRE,IDCANTON) values ('93','CONCEPCION','59');
Insert into HAPPYPAWS.DISTRITO (IDDISTRITO,NOMBRE,IDCANTON) values ('94','VOLIO','59');
Insert into HAPPYPAWS.DISTRITO (IDDISTRITO,NOMBRE,IDCANTON) values ('95','SAN RAFAEL','59');
Insert into HAPPYPAWS.DISTRITO (IDDISTRITO,NOMBRE,IDCANTON) values ('96','SANTIAGO','59');
Insert into HAPPYPAWS.DISTRITO (IDDISTRITO,NOMBRE,IDCANTON) values ('97','ZAPOTAL','59');
Insert into HAPPYPAWS.DISTRITO (IDDISTRITO,NOMBRE,IDCANTON) values ('98','PIEDADES SUR','59');
Insert into HAPPYPAWS.DISTRITO (IDDISTRITO,NOMBRE,IDCANTON) values ('99','PIEDADES NORTE','59');
Insert into HAPPYPAWS.DISTRITO (IDDISTRITO,NOMBRE,IDCANTON) values ('100','ANGELES','59');
Insert into HAPPYPAWS.DISTRITO (IDDISTRITO,NOMBRE,IDCANTON) values ('101','PE헤S BLANCAS','59');
Insert into HAPPYPAWS.DISTRITO (IDDISTRITO,NOMBRE,IDCANTON) values ('102','SAN JUAN GRANDE','65');
Insert into HAPPYPAWS.DISTRITO (IDDISTRITO,NOMBRE,IDCANTON) values ('103','MACACONA','65');
Insert into HAPPYPAWS.DISTRITO (IDDISTRITO,NOMBRE,IDCANTON) values ('104','SAN RAFAEL','65');
Insert into HAPPYPAWS.DISTRITO (IDDISTRITO,NOMBRE,IDCANTON) values ('105','SAN JERONIMO','65');
Insert into HAPPYPAWS.DISTRITO (IDDISTRITO,NOMBRE,IDCANTON) values ('106','ESPIRITU SANTO','65');
Insert into HAPPYPAWS.DISTRITO (IDDISTRITO,NOMBRE,IDCANTON) values ('107','QUEBRADA HONDA','73');
Insert into HAPPYPAWS.DISTRITO (IDDISTRITO,NOMBRE,IDCANTON) values ('108','SAMARA','73');
Insert into HAPPYPAWS.DISTRITO (IDDISTRITO,NOMBRE,IDCANTON) values ('109','MANSION','73');
Insert into HAPPYPAWS.DISTRITO (IDDISTRITO,NOMBRE,IDCANTON) values ('110','SAN ANTONIO','73');
Insert into HAPPYPAWS.DISTRITO (IDDISTRITO,NOMBRE,IDCANTON) values ('111','BELEN DE NOSARITA','73');
Insert into HAPPYPAWS.DISTRITO (IDDISTRITO,NOMBRE,IDCANTON) values ('112','NICOYA','73');
Insert into HAPPYPAWS.DISTRITO (IDDISTRITO,NOMBRE,IDCANTON) values ('113','NOSARA','73');
Insert into HAPPYPAWS.DISTRITO (IDDISTRITO,NOMBRE,IDCANTON) values ('114','PACUARITO','7');
Insert into HAPPYPAWS.DISTRITO (IDDISTRITO,NOMBRE,IDCANTON) values ('115','SIQUIRRES','7');
Insert into HAPPYPAWS.DISTRITO (IDDISTRITO,NOMBRE,IDCANTON) values ('116','FLORIDA','7');
Insert into HAPPYPAWS.DISTRITO (IDDISTRITO,NOMBRE,IDCANTON) values ('117','LA ALEGRIA','7');
Insert into HAPPYPAWS.DISTRITO (IDDISTRITO,NOMBRE,IDCANTON) values ('118','GERMANIA','7');
Insert into HAPPYPAWS.DISTRITO (IDDISTRITO,NOMBRE,IDCANTON) values ('119','EL CAIRO','7');
Insert into HAPPYPAWS.DISTRITO (IDDISTRITO,NOMBRE,IDCANTON) values ('120','BIOLLEY','9');
Insert into HAPPYPAWS.DISTRITO (IDDISTRITO,NOMBRE,IDCANTON) values ('121','BRUNKA','9');
Insert into HAPPYPAWS.DISTRITO (IDDISTRITO,NOMBRE,IDCANTON) values ('122','BUENOS AIRES','9');
Insert into HAPPYPAWS.DISTRITO (IDDISTRITO,NOMBRE,IDCANTON) values ('123','COLINAS','9');
Insert into HAPPYPAWS.DISTRITO (IDDISTRITO,NOMBRE,IDCANTON) values ('124','VOLCAN','9');
Insert into HAPPYPAWS.DISTRITO (IDDISTRITO,NOMBRE,IDCANTON) values ('125','PILAS','9');
Insert into HAPPYPAWS.DISTRITO (IDDISTRITO,NOMBRE,IDCANTON) values ('126','BORUCA','9');
Insert into HAPPYPAWS.DISTRITO (IDDISTRITO,NOMBRE,IDCANTON) values ('127','CHANGUENA','9');
Insert into HAPPYPAWS.DISTRITO (IDDISTRITO,NOMBRE,IDCANTON) values ('128','POTRERO GRANDE','9');
Insert into HAPPYPAWS.DISTRITO (IDDISTRITO,NOMBRE,IDCANTON) values ('129','DULCE NOMBRE','17');
Insert into HAPPYPAWS.DISTRITO (IDDISTRITO,NOMBRE,IDCANTON) values ('130','SAN RAFAEL','17');
Insert into HAPPYPAWS.DISTRITO (IDDISTRITO,NOMBRE,IDCANTON) values ('131','TRES RIOS','17');
Insert into HAPPYPAWS.DISTRITO (IDDISTRITO,NOMBRE,IDCANTON) values ('132','SAN JUAN','17');
Insert into HAPPYPAWS.DISTRITO (IDDISTRITO,NOMBRE,IDCANTON) values ('133','SAN DIEGO','17');
Insert into HAPPYPAWS.DISTRITO (IDDISTRITO,NOMBRE,IDCANTON) values ('134','RIO AZUL','17');
Insert into HAPPYPAWS.DISTRITO (IDDISTRITO,NOMBRE,IDCANTON) values ('135','SAN RAMON','17');
Insert into HAPPYPAWS.DISTRITO (IDDISTRITO,NOMBRE,IDCANTON) values ('136','CONCEPCION','17');
Insert into HAPPYPAWS.DISTRITO (IDDISTRITO,NOMBRE,IDCANTON) values ('137','PARACITO','30');
Insert into HAPPYPAWS.DISTRITO (IDDISTRITO,NOMBRE,IDCANTON) values ('138','SANTO TOMAS','30');
Insert into HAPPYPAWS.DISTRITO (IDDISTRITO,NOMBRE,IDCANTON) values ('139','SAN VICENTE','30');
Insert into HAPPYPAWS.DISTRITO (IDDISTRITO,NOMBRE,IDCANTON) values ('140','TURES','30');
Insert into HAPPYPAWS.DISTRITO (IDDISTRITO,NOMBRE,IDCANTON) values ('141','SAN MIGUEL','30');
Insert into HAPPYPAWS.DISTRITO (IDDISTRITO,NOMBRE,IDCANTON) values ('142','SANTO DOMINGO','30');
Insert into HAPPYPAWS.DISTRITO (IDDISTRITO,NOMBRE,IDCANTON) values ('143','PARA','30');
Insert into HAPPYPAWS.DISTRITO (IDDISTRITO,NOMBRE,IDCANTON) values ('144','SANTA ROSA','30');
Insert into HAPPYPAWS.DISTRITO (IDDISTRITO,NOMBRE,IDCANTON) values ('145','SAN JUAN DE DIOS','37');
Insert into HAPPYPAWS.DISTRITO (IDDISTRITO,NOMBRE,IDCANTON) values ('146','SAN RAFAEL ARRIBA','37');
Insert into HAPPYPAWS.DISTRITO (IDDISTRITO,NOMBRE,IDCANTON) values ('147','SAN RAFAEL ABAJO','37');
Insert into HAPPYPAWS.DISTRITO (IDDISTRITO,NOMBRE,IDCANTON) values ('148','DESAMPARADOS','37');
Insert into HAPPYPAWS.DISTRITO (IDDISTRITO,NOMBRE,IDCANTON) values ('149','SAN ANTONIO','37');
Insert into HAPPYPAWS.DISTRITO (IDDISTRITO,NOMBRE,IDCANTON) values ('150','PATARRA','37');
Insert into HAPPYPAWS.DISTRITO (IDDISTRITO,NOMBRE,IDCANTON) values ('151','DAMAS','37');
Insert into HAPPYPAWS.DISTRITO (IDDISTRITO,NOMBRE,IDCANTON) values ('152','LOS GUIDO','37');
Insert into HAPPYPAWS.DISTRITO (IDDISTRITO,NOMBRE,IDCANTON) values ('153','FRAILES','37');
Insert into HAPPYPAWS.DISTRITO (IDDISTRITO,NOMBRE,IDCANTON) values ('154','SAN CRISTOBAL','37');
Insert into HAPPYPAWS.DISTRITO (IDDISTRITO,NOMBRE,IDCANTON) values ('155','ROSARIO','37');
Insert into HAPPYPAWS.DISTRITO (IDDISTRITO,NOMBRE,IDCANTON) values ('156','GRAVILIAS','37');
Insert into HAPPYPAWS.DISTRITO (IDDISTRITO,NOMBRE,IDCANTON) values ('157','SAN MIGUEL','37');
Insert into HAPPYPAWS.DISTRITO (IDDISTRITO,NOMBRE,IDCANTON) values ('158','SAN JOSE','46');
Insert into HAPPYPAWS.DISTRITO (IDDISTRITO,NOMBRE,IDCANTON) values ('159','PUENTE DE PIEDRA','46');
Insert into HAPPYPAWS.DISTRITO (IDDISTRITO,NOMBRE,IDCANTON) values ('160','TACARES','46');
Insert into HAPPYPAWS.DISTRITO (IDDISTRITO,NOMBRE,IDCANTON) values ('161','GRECIA','46');
Insert into HAPPYPAWS.DISTRITO (IDDISTRITO,NOMBRE,IDCANTON) values ('162','SAN ROQUE','46');
Insert into HAPPYPAWS.DISTRITO (IDDISTRITO,NOMBRE,IDCANTON) values ('163','SAN ISIDRO','46');
Insert into HAPPYPAWS.DISTRITO (IDDISTRITO,NOMBRE,IDCANTON) values ('164','RIO CUARTO','46');
Insert into HAPPYPAWS.DISTRITO (IDDISTRITO,NOMBRE,IDCANTON) values ('165','BOLIVAR','46');
Insert into HAPPYPAWS.DISTRITO (IDDISTRITO,NOMBRE,IDCANTON) values ('166','BOLSON','76');
Insert into HAPPYPAWS.DISTRITO (IDDISTRITO,NOMBRE,IDCANTON) values ('167','CABO VELAS','76');
Insert into HAPPYPAWS.DISTRITO (IDDISTRITO,NOMBRE,IDCANTON) values ('168','TEMPATE','76');
Insert into HAPPYPAWS.DISTRITO (IDDISTRITO,NOMBRE,IDCANTON) values ('169','TAMARINDO','76');
Insert into HAPPYPAWS.DISTRITO (IDDISTRITO,NOMBRE,IDCANTON) values ('170','CARTAGENA','76');
Insert into HAPPYPAWS.DISTRITO (IDDISTRITO,NOMBRE,IDCANTON) values ('171','CUAJINIQUIL','76');
Insert into HAPPYPAWS.DISTRITO (IDDISTRITO,NOMBRE,IDCANTON) values ('172','VEINTISIETE DE ABRIL','76');
Insert into HAPPYPAWS.DISTRITO (IDDISTRITO,NOMBRE,IDCANTON) values ('173','SANTA CRUZ','76');
Insert into HAPPYPAWS.DISTRITO (IDDISTRITO,NOMBRE,IDCANTON) values ('174','DIRIA','76');
Insert into HAPPYPAWS.DISTRITO (IDDISTRITO,NOMBRE,IDCANTON) values ('175','CAHUITA','3');
Insert into HAPPYPAWS.DISTRITO (IDDISTRITO,NOMBRE,IDCANTON) values ('176','SIXAOLA','3');
Insert into HAPPYPAWS.DISTRITO (IDDISTRITO,NOMBRE,IDCANTON) values ('177','TELIRE','3');
Insert into HAPPYPAWS.DISTRITO (IDDISTRITO,NOMBRE,IDCANTON) values ('178','BRATSI','3');
Insert into HAPPYPAWS.DISTRITO (IDDISTRITO,NOMBRE,IDCANTON) values ('179','PEJIBAYE','14');
Insert into HAPPYPAWS.DISTRITO (IDDISTRITO,NOMBRE,IDCANTON) values ('180','TUCURRIQUE','14');
Insert into HAPPYPAWS.DISTRITO (IDDISTRITO,NOMBRE,IDCANTON) values ('181','JUAN VI헤S','14');
Insert into HAPPYPAWS.DISTRITO (IDDISTRITO,NOMBRE,IDCANTON) values ('182','SAN JUAN','47');
Insert into HAPPYPAWS.DISTRITO (IDDISTRITO,NOMBRE,IDCANTON) values ('183','JESUS','47');
Insert into HAPPYPAWS.DISTRITO (IDDISTRITO,NOMBRE,IDCANTON) values ('184','SANTA BARBARA','47');
Insert into HAPPYPAWS.DISTRITO (IDDISTRITO,NOMBRE,IDCANTON) values ('185','PURABA','47');
Insert into HAPPYPAWS.DISTRITO (IDDISTRITO,NOMBRE,IDCANTON) values ('186','SAN PEDRO','47');
Insert into HAPPYPAWS.DISTRITO (IDDISTRITO,NOMBRE,IDCANTON) values ('187','SANTO DOMINGO','47');
Insert into HAPPYPAWS.DISTRITO (IDDISTRITO,NOMBRE,IDCANTON) values ('188','MERCEDES SUR','54');
Insert into HAPPYPAWS.DISTRITO (IDDISTRITO,NOMBRE,IDCANTON) values ('189','DESAMPARADITOS','54');
Insert into HAPPYPAWS.DISTRITO (IDDISTRITO,NOMBRE,IDCANTON) values ('190','BARBACOAS','54');
Insert into HAPPYPAWS.DISTRITO (IDDISTRITO,NOMBRE,IDCANTON) values ('191','SAN ANTONIO','54');
Insert into HAPPYPAWS.DISTRITO (IDDISTRITO,NOMBRE,IDCANTON) values ('192','SANTIAGO','54');
Insert into HAPPYPAWS.DISTRITO (IDDISTRITO,NOMBRE,IDCANTON) values ('193','SAN RAFAEL','54');
Insert into HAPPYPAWS.DISTRITO (IDDISTRITO,NOMBRE,IDCANTON) values ('194','CHIRES','54');
Insert into HAPPYPAWS.DISTRITO (IDDISTRITO,NOMBRE,IDCANTON) values ('195','CANDELARITA','54');
Insert into HAPPYPAWS.DISTRITO (IDDISTRITO,NOMBRE,IDCANTON) values ('196','GRIFO ALTO','54');
Insert into HAPPYPAWS.DISTRITO (IDDISTRITO,NOMBRE,IDCANTON) values ('197','SAN MATEO','61');
Insert into HAPPYPAWS.DISTRITO (IDDISTRITO,NOMBRE,IDCANTON) values ('198','DESMONTE','61');
Insert into HAPPYPAWS.DISTRITO (IDDISTRITO,NOMBRE,IDCANTON) values ('199','JESUS MARIA','61');
Insert into HAPPYPAWS.DISTRITO (IDDISTRITO,NOMBRE,IDCANTON) values ('200','MIRAMAR','66');
Insert into HAPPYPAWS.DISTRITO (IDDISTRITO,NOMBRE,IDCANTON) values ('201','LA UNION','66');
Insert into HAPPYPAWS.DISTRITO (IDDISTRITO,NOMBRE,IDCANTON) values ('202','SAN ISIDRO','66');
Insert into HAPPYPAWS.DISTRITO (IDDISTRITO,NOMBRE,IDCANTON) values ('203','RIO NARANJO','74');
Insert into HAPPYPAWS.DISTRITO (IDDISTRITO,NOMBRE,IDCANTON) values ('204','LA FORTUNA','74');
Insert into HAPPYPAWS.DISTRITO (IDDISTRITO,NOMBRE,IDCANTON) values ('205','MOGOTE','74');
Insert into HAPPYPAWS.DISTRITO (IDDISTRITO,NOMBRE,IDCANTON) values ('206','BAGACES','74');
Insert into HAPPYPAWS.DISTRITO (IDDISTRITO,NOMBRE,IDCANTON) values ('207','BATAN','4');
Insert into HAPPYPAWS.DISTRITO (IDDISTRITO,NOMBRE,IDCANTON) values ('208','MATINA','4');
Insert into HAPPYPAWS.DISTRITO (IDDISTRITO,NOMBRE,IDCANTON) values ('209','CARRANDI','4');
Insert into HAPPYPAWS.DISTRITO (IDDISTRITO,NOMBRE,IDCANTON) values ('210','CHIRRIPO','6');
Insert into HAPPYPAWS.DISTRITO (IDDISTRITO,NOMBRE,IDCANTON) values ('211','LA SUIZA','6');
Insert into HAPPYPAWS.DISTRITO (IDDISTRITO,NOMBRE,IDCANTON) values ('212','TUIS','6');
Insert into HAPPYPAWS.DISTRITO (IDDISTRITO,NOMBRE,IDCANTON) values ('213','TRES EQUIS','6');
Insert into HAPPYPAWS.DISTRITO (IDDISTRITO,NOMBRE,IDCANTON) values ('214','SANTA CRUZ','6');
Insert into HAPPYPAWS.DISTRITO (IDDISTRITO,NOMBRE,IDCANTON) values ('215','TURRIALBA','6');
Insert into HAPPYPAWS.DISTRITO (IDDISTRITO,NOMBRE,IDCANTON) values ('216','LA ISABEL','6');
Insert into HAPPYPAWS.DISTRITO (IDDISTRITO,NOMBRE,IDCANTON) values ('217','SANTA TERESITA','6');
Insert into HAPPYPAWS.DISTRITO (IDDISTRITO,NOMBRE,IDCANTON) values ('218','PERALTA','6');
Insert into HAPPYPAWS.DISTRITO (IDDISTRITO,NOMBRE,IDCANTON) values ('219','PAVONES','6');
Insert into HAPPYPAWS.DISTRITO (IDDISTRITO,NOMBRE,IDCANTON) values ('220','SANTA ROSA','6');
Insert into HAPPYPAWS.DISTRITO (IDDISTRITO,NOMBRE,IDCANTON) values ('221','TAYUTIC','6');
Insert into HAPPYPAWS.DISTRITO (IDDISTRITO,NOMBRE,IDCANTON) values ('222','SIERPE','12');
Insert into HAPPYPAWS.DISTRITO (IDDISTRITO,NOMBRE,IDCANTON) values ('223','PIEDRAS BLANCAS','12');
Insert into HAPPYPAWS.DISTRITO (IDDISTRITO,NOMBRE,IDCANTON) values ('224','PALMAR','12');
Insert into HAPPYPAWS.DISTRITO (IDDISTRITO,NOMBRE,IDCANTON) values ('225','PUERTO CORTES','12');
Insert into HAPPYPAWS.DISTRITO (IDDISTRITO,NOMBRE,IDCANTON) values ('226','BAHIA BALLENA','12');
Insert into HAPPYPAWS.DISTRITO (IDDISTRITO,NOMBRE,IDCANTON) values ('227','SAN MARCOS','42');
Insert into HAPPYPAWS.DISTRITO (IDDISTRITO,NOMBRE,IDCANTON) values ('228','SAN LORENZO','42');
Insert into HAPPYPAWS.DISTRITO (IDDISTRITO,NOMBRE,IDCANTON) values ('229','SAN CARLOS','42');
Insert into HAPPYPAWS.DISTRITO (IDDISTRITO,NOMBRE,IDCANTON) values ('230','SAN JOSECITO','50');
Insert into HAPPYPAWS.DISTRITO (IDDISTRITO,NOMBRE,IDCANTON) values ('231','SAN RAFAEL','50');
Insert into HAPPYPAWS.DISTRITO (IDDISTRITO,NOMBRE,IDCANTON) values ('232','SANTIAGO','50');
Insert into HAPPYPAWS.DISTRITO (IDDISTRITO,NOMBRE,IDCANTON) values ('233','CONCEPCION','50');
Insert into HAPPYPAWS.DISTRITO (IDDISTRITO,NOMBRE,IDCANTON) values ('234','ANGELES','50');
Insert into HAPPYPAWS.DISTRITO (IDDISTRITO,NOMBRE,IDCANTON) values ('235','MERCEDES','52');
Insert into HAPPYPAWS.DISTRITO (IDDISTRITO,NOMBRE,IDCANTON) values ('236','SANTA EULALIA','52');
Insert into HAPPYPAWS.DISTRITO (IDDISTRITO,NOMBRE,IDCANTON) values ('237','ATENAS','52');
Insert into HAPPYPAWS.DISTRITO (IDDISTRITO,NOMBRE,IDCANTON) values ('238','ESCOBAL','52');
Insert into HAPPYPAWS.DISTRITO (IDDISTRITO,NOMBRE,IDCANTON) values ('239','CONCEPCION','52');
Insert into HAPPYPAWS.DISTRITO (IDDISTRITO,NOMBRE,IDCANTON) values ('240','SAN ISIDRO','52');
Insert into HAPPYPAWS.DISTRITO (IDDISTRITO,NOMBRE,IDCANTON) values ('241','SAN JOSE','52');
Insert into HAPPYPAWS.DISTRITO (IDDISTRITO,NOMBRE,IDCANTON) values ('242','JESUS','52');
Insert into HAPPYPAWS.DISTRITO (IDDISTRITO,NOMBRE,IDCANTON) values ('243','SARDINAL','79');
Insert into HAPPYPAWS.DISTRITO (IDDISTRITO,NOMBRE,IDCANTON) values ('244','PALMIRA','79');
Insert into HAPPYPAWS.DISTRITO (IDDISTRITO,NOMBRE,IDCANTON) values ('245','BELEN','79');
Insert into HAPPYPAWS.DISTRITO (IDDISTRITO,NOMBRE,IDCANTON) values ('246','FILADELFIA','79');
Insert into HAPPYPAWS.DISTRITO (IDDISTRITO,NOMBRE,IDCANTON) values ('247','PACAYAS','20');
Insert into HAPPYPAWS.DISTRITO (IDDISTRITO,NOMBRE,IDCANTON) values ('248','CERVANTES','20');
Insert into HAPPYPAWS.DISTRITO (IDDISTRITO,NOMBRE,IDCANTON) values ('249','CAPELLADES','20');
Insert into HAPPYPAWS.DISTRITO (IDDISTRITO,NOMBRE,IDCANTON) values ('250','POCORA','21');
Insert into HAPPYPAWS.DISTRITO (IDDISTRITO,NOMBRE,IDCANTON) values ('251','DUACARI','21');
Insert into HAPPYPAWS.DISTRITO (IDDISTRITO,NOMBRE,IDCANTON) values ('252','GUACIMO','21');
Insert into HAPPYPAWS.DISTRITO (IDDISTRITO,NOMBRE,IDCANTON) values ('253','RIO JIMENES','21');
Insert into HAPPYPAWS.DISTRITO (IDDISTRITO,NOMBRE,IDCANTON) values ('254','MERCEDES','21');
Insert into HAPPYPAWS.DISTRITO (IDDISTRITO,NOMBRE,IDCANTON) values ('255','ASERRI','36');
Insert into HAPPYPAWS.DISTRITO (IDDISTRITO,NOMBRE,IDCANTON) values ('256','LEGUA','36');
Insert into HAPPYPAWS.DISTRITO (IDDISTRITO,NOMBRE,IDCANTON) values ('257','MONTERREY','36');
Insert into HAPPYPAWS.DISTRITO (IDDISTRITO,NOMBRE,IDCANTON) values ('258','VUELTA DE JORCO','36');
Insert into HAPPYPAWS.DISTRITO (IDDISTRITO,NOMBRE,IDCANTON) values ('259','TARBACA','36');
Insert into HAPPYPAWS.DISTRITO (IDDISTRITO,NOMBRE,IDCANTON) values ('260','SAN GABRIEL','36');
Insert into HAPPYPAWS.DISTRITO (IDDISTRITO,NOMBRE,IDCANTON) values ('261','SALITRILLOS','36');
Insert into HAPPYPAWS.DISTRITO (IDDISTRITO,NOMBRE,IDCANTON) values ('262','CONCEPCION','51');
Insert into HAPPYPAWS.DISTRITO (IDDISTRITO,NOMBRE,IDCANTON) values ('263','SAN FRANCISCO','51');
Insert into HAPPYPAWS.DISTRITO (IDDISTRITO,NOMBRE,IDCANTON) values ('264','SAN ISIDRO','51');
Insert into HAPPYPAWS.DISTRITO (IDDISTRITO,NOMBRE,IDCANTON) values ('265','SAN JOSE','51');
Insert into HAPPYPAWS.DISTRITO (IDDISTRITO,NOMBRE,IDCANTON) values ('266','QUEPOS','55');
Insert into HAPPYPAWS.DISTRITO (IDDISTRITO,NOMBRE,IDCANTON) values ('267','NARANJITO','55');
Insert into HAPPYPAWS.DISTRITO (IDDISTRITO,NOMBRE,IDCANTON) values ('268','SAVEGRE','55');
Insert into HAPPYPAWS.DISTRITO (IDDISTRITO,NOMBRE,IDCANTON) values ('269','SAN MIGUEL','57');
Insert into HAPPYPAWS.DISTRITO (IDDISTRITO,NOMBRE,IDCANTON) values ('270','SAN JUAN','57');
Insert into HAPPYPAWS.DISTRITO (IDDISTRITO,NOMBRE,IDCANTON) values ('271','EL ROSARIO','57');
Insert into HAPPYPAWS.DISTRITO (IDDISTRITO,NOMBRE,IDCANTON) values ('272','CIRRI SUR','57');
Insert into HAPPYPAWS.DISTRITO (IDDISTRITO,NOMBRE,IDCANTON) values ('273','SAN JERONIMO','57');
Insert into HAPPYPAWS.DISTRITO (IDDISTRITO,NOMBRE,IDCANTON) values ('274','SAN JOSE','57');
Insert into HAPPYPAWS.DISTRITO (IDDISTRITO,NOMBRE,IDCANTON) values ('275','PALMITOS','57');
Insert into HAPPYPAWS.DISTRITO (IDDISTRITO,NOMBRE,IDCANTON) values ('276','NARANJO','57');
Insert into HAPPYPAWS.DISTRITO (IDDISTRITO,NOMBRE,IDCANTON) values ('277','POROZAL','72');
Insert into HAPPYPAWS.DISTRITO (IDDISTRITO,NOMBRE,IDCANTON) values ('278','SAN MIGUEL','72');
Insert into HAPPYPAWS.DISTRITO (IDDISTRITO,NOMBRE,IDCANTON) values ('279','CA헤S','72');
Insert into HAPPYPAWS.DISTRITO (IDDISTRITO,NOMBRE,IDCANTON) values ('280','BEBEDERO','72');
Insert into HAPPYPAWS.DISTRITO (IDDISTRITO,NOMBRE,IDCANTON) values ('281','PALMIRA','72');
Insert into HAPPYPAWS.DISTRITO (IDDISTRITO,NOMBRE,IDCANTON) values ('282','GOLFITO','5');
Insert into HAPPYPAWS.DISTRITO (IDDISTRITO,NOMBRE,IDCANTON) values ('283','GUAYCARA','5');
Insert into HAPPYPAWS.DISTRITO (IDDISTRITO,NOMBRE,IDCANTON) values ('284','PAVON','5');
Insert into HAPPYPAWS.DISTRITO (IDDISTRITO,NOMBRE,IDCANTON) values ('285','PUERTO JIMENEZ','5');
Insert into HAPPYPAWS.DISTRITO (IDDISTRITO,NOMBRE,IDCANTON) values ('286','COT','16');
Insert into HAPPYPAWS.DISTRITO (IDDISTRITO,NOMBRE,IDCANTON) values ('287','POTRERO CERRADO','16');
Insert into HAPPYPAWS.DISTRITO (IDDISTRITO,NOMBRE,IDCANTON) values ('288','SANTA ROSA','16');
Insert into HAPPYPAWS.DISTRITO (IDDISTRITO,NOMBRE,IDCANTON) values ('289','CIPRESES','16');
Insert into HAPPYPAWS.DISTRITO (IDDISTRITO,NOMBRE,IDCANTON) values ('290','SAN RAFAEL','16');
Insert into HAPPYPAWS.DISTRITO (IDDISTRITO,NOMBRE,IDCANTON) values ('291','TABARCIA','35');
Insert into HAPPYPAWS.DISTRITO (IDDISTRITO,NOMBRE,IDCANTON) values ('292','PICAGRES','35');
Insert into HAPPYPAWS.DISTRITO (IDDISTRITO,NOMBRE,IDCANTON) values ('293','COLON','35');
Insert into HAPPYPAWS.DISTRITO (IDDISTRITO,NOMBRE,IDCANTON) values ('294','PIEDRAS NEGRAS','35');
Insert into HAPPYPAWS.DISTRITO (IDDISTRITO,NOMBRE,IDCANTON) values ('295','GUAYABO','35');
Insert into HAPPYPAWS.DISTRITO (IDDISTRITO,NOMBRE,IDCANTON) values ('296','LA ASUNCION','38');
Insert into HAPPYPAWS.DISTRITO (IDDISTRITO,NOMBRE,IDCANTON) values ('297','SAN ANTONIO','38');
Insert into HAPPYPAWS.DISTRITO (IDDISTRITO,NOMBRE,IDCANTON) values ('298','LA RIBERA','38');
Insert into HAPPYPAWS.DISTRITO (IDDISTRITO,NOMBRE,IDCANTON) values ('299','BUENOS AIRES','58');
Insert into HAPPYPAWS.DISTRITO (IDDISTRITO,NOMBRE,IDCANTON) values ('300','ZARAGOZA','58');
Insert into HAPPYPAWS.DISTRITO (IDDISTRITO,NOMBRE,IDCANTON) values ('301','PALMARES','58');
Insert into HAPPYPAWS.DISTRITO (IDDISTRITO,NOMBRE,IDCANTON) values ('302','LA GRANJA','58');
Insert into HAPPYPAWS.DISTRITO (IDDISTRITO,NOMBRE,IDCANTON) values ('303','ESQUIPULAS','58');
Insert into HAPPYPAWS.DISTRITO (IDDISTRITO,NOMBRE,IDCANTON) values ('304','CANDELARIA','58');
Insert into HAPPYPAWS.DISTRITO (IDDISTRITO,NOMBRE,IDCANTON) values ('305','SANTIAGO','58');
Insert into HAPPYPAWS.DISTRITO (IDDISTRITO,NOMBRE,IDCANTON) values ('306','SAN JUAN','67');
Insert into HAPPYPAWS.DISTRITO (IDDISTRITO,NOMBRE,IDCANTON) values ('307','SIERRA','67');
Insert into HAPPYPAWS.DISTRITO (IDDISTRITO,NOMBRE,IDCANTON) values ('308','LAS JUNTAS','67');
Insert into HAPPYPAWS.DISTRITO (IDDISTRITO,NOMBRE,IDCANTON) values ('309','COLORADO','67');
Insert into HAPPYPAWS.DISTRITO (IDDISTRITO,NOMBRE,IDCANTON) values ('310','PITTIER','10');
Insert into HAPPYPAWS.DISTRITO (IDDISTRITO,NOMBRE,IDCANTON) values ('311','AGUABUENA','10');
Insert into HAPPYPAWS.DISTRITO (IDDISTRITO,NOMBRE,IDCANTON) values ('312','SAN VITO','10');
Insert into HAPPYPAWS.DISTRITO (IDDISTRITO,NOMBRE,IDCANTON) values ('313','SABALITO','10');
Insert into HAPPYPAWS.DISTRITO (IDDISTRITO,NOMBRE,IDCANTON) values ('314','LIMONCITO','10');
Insert into HAPPYPAWS.DISTRITO (IDDISTRITO,NOMBRE,IDCANTON) values ('315','EL TEJAR','18');
Insert into HAPPYPAWS.DISTRITO (IDDISTRITO,NOMBRE,IDCANTON) values ('316','SAN ISIDRO','18');
Insert into HAPPYPAWS.DISTRITO (IDDISTRITO,NOMBRE,IDCANTON) values ('317','TOBOSI','18');
Insert into HAPPYPAWS.DISTRITO (IDDISTRITO,NOMBRE,IDCANTON) values ('318','PATIO DE AGUA','18');
Insert into HAPPYPAWS.DISTRITO (IDDISTRITO,NOMBRE,IDCANTON) values ('319','GUADALUPE','31');
Insert into HAPPYPAWS.DISTRITO (IDDISTRITO,NOMBRE,IDCANTON) values ('320','MATA DE PLATANO','31');
Insert into HAPPYPAWS.DISTRITO (IDDISTRITO,NOMBRE,IDCANTON) values ('321','PURRAL','31');
Insert into HAPPYPAWS.DISTRITO (IDDISTRITO,NOMBRE,IDCANTON) values ('322','SAN FRANCISCO','31');
Insert into HAPPYPAWS.DISTRITO (IDDISTRITO,NOMBRE,IDCANTON) values ('323','CALLE BLANCOS','31');
Insert into HAPPYPAWS.DISTRITO (IDDISTRITO,NOMBRE,IDCANTON) values ('324','IPIS','31');
Insert into HAPPYPAWS.DISTRITO (IDDISTRITO,NOMBRE,IDCANTON) values ('325','RANCHO REDONDO','31');
Insert into HAPPYPAWS.DISTRITO (IDDISTRITO,NOMBRE,IDCANTON) values ('326','LLORENTE','39');
Insert into HAPPYPAWS.DISTRITO (IDDISTRITO,NOMBRE,IDCANTON) values ('327','SAN JOAQUIN','39');
Insert into HAPPYPAWS.DISTRITO (IDDISTRITO,NOMBRE,IDCANTON) values ('328','BARRANTES','39');
Insert into HAPPYPAWS.DISTRITO (IDDISTRITO,NOMBRE,IDCANTON) values ('329','SAN RAFAEL','48');
Insert into HAPPYPAWS.DISTRITO (IDDISTRITO,NOMBRE,IDCANTON) values ('330','SAN PEDRO','48');
Insert into HAPPYPAWS.DISTRITO (IDDISTRITO,NOMBRE,IDCANTON) values ('331','CARRILLOS','48');
Insert into HAPPYPAWS.DISTRITO (IDDISTRITO,NOMBRE,IDCANTON) values ('332','SABANA REDONDA','48');
Insert into HAPPYPAWS.DISTRITO (IDDISTRITO,NOMBRE,IDCANTON) values ('333','SAN JUAN','48');
Insert into HAPPYPAWS.DISTRITO (IDDISTRITO,NOMBRE,IDCANTON) values ('334','TRONADORA','68');
Insert into HAPPYPAWS.DISTRITO (IDDISTRITO,NOMBRE,IDCANTON) values ('335','QUEBRADA GRANDE','68');
Insert into HAPPYPAWS.DISTRITO (IDDISTRITO,NOMBRE,IDCANTON) values ('336','LIBANO','68');
Insert into HAPPYPAWS.DISTRITO (IDDISTRITO,NOMBRE,IDCANTON) values ('337','ARENAL','68');
Insert into HAPPYPAWS.DISTRITO (IDDISTRITO,NOMBRE,IDCANTON) values ('338','SANTA ROSA','68');
Insert into HAPPYPAWS.DISTRITO (IDDISTRITO,NOMBRE,IDCANTON) values ('339','TILARAN','68');
Insert into HAPPYPAWS.DISTRITO (IDDISTRITO,NOMBRE,IDCANTON) values ('340','TIERRAS MORENAS','68');
Insert into HAPPYPAWS.DISTRITO (IDDISTRITO,NOMBRE,IDCANTON) values ('341','SANTA ANA','22');
Insert into HAPPYPAWS.DISTRITO (IDDISTRITO,NOMBRE,IDCANTON) values ('342','SALITRAL','22');
Insert into HAPPYPAWS.DISTRITO (IDDISTRITO,NOMBRE,IDCANTON) values ('343','BRASIL','22');
Insert into HAPPYPAWS.DISTRITO (IDDISTRITO,NOMBRE,IDCANTON) values ('344','PIEDADES','22');
Insert into HAPPYPAWS.DISTRITO (IDDISTRITO,NOMBRE,IDCANTON) values ('345','POZOS','22');
Insert into HAPPYPAWS.DISTRITO (IDDISTRITO,NOMBRE,IDCANTON) values ('346','URUCA','22');
Insert into HAPPYPAWS.DISTRITO (IDDISTRITO,NOMBRE,IDCANTON) values ('347','PARRITA','45');
Insert into HAPPYPAWS.DISTRITO (IDDISTRITO,NOMBRE,IDCANTON) values ('348','HACIENDA VIEJA','64');
Insert into HAPPYPAWS.DISTRITO (IDDISTRITO,NOMBRE,IDCANTON) values ('349','LA CEIBA','64');
Insert into HAPPYPAWS.DISTRITO (IDDISTRITO,NOMBRE,IDCANTON) values ('350','EL MASTATE','64');
Insert into HAPPYPAWS.DISTRITO (IDDISTRITO,NOMBRE,IDCANTON) values ('351','COYOLAR','64');
Insert into HAPPYPAWS.DISTRITO (IDDISTRITO,NOMBRE,IDCANTON) values ('352','OROTINA','64');
Insert into HAPPYPAWS.DISTRITO (IDDISTRITO,NOMBRE,IDCANTON) values ('353','SAN PABLO','71');
Insert into HAPPYPAWS.DISTRITO (IDDISTRITO,NOMBRE,IDCANTON) values ('354','CARMONA','71');
Insert into HAPPYPAWS.DISTRITO (IDDISTRITO,NOMBRE,IDCANTON) values ('355','PORVENIR','71');
Insert into HAPPYPAWS.DISTRITO (IDDISTRITO,NOMBRE,IDCANTON) values ('356','BEJUCO','71');
Insert into HAPPYPAWS.DISTRITO (IDDISTRITO,NOMBRE,IDCANTON) values ('357','ZAPOTAL','71');
Insert into HAPPYPAWS.DISTRITO (IDDISTRITO,NOMBRE,IDCANTON) values ('358','SANTA RITA','71');
Insert into HAPPYPAWS.DISTRITO (IDDISTRITO,NOMBRE,IDCANTON) values ('359','RINCON DE SABANILLA','81');
Insert into HAPPYPAWS.DISTRITO (IDDISTRITO,NOMBRE,IDCANTON) values ('360','SAN PABLO','81');
Insert into HAPPYPAWS.DISTRITO (IDDISTRITO,NOMBRE,IDCANTON) values ('361','LA CUESTA','11');
Insert into HAPPYPAWS.DISTRITO (IDDISTRITO,NOMBRE,IDCANTON) values ('362','CANOAS','11');
Insert into HAPPYPAWS.DISTRITO (IDDISTRITO,NOMBRE,IDCANTON) values ('363','LAUREL','11');
Insert into HAPPYPAWS.DISTRITO (IDDISTRITO,NOMBRE,IDCANTON) values ('364','CORREDOR','11');
Insert into HAPPYPAWS.DISTRITO (IDDISTRITO,NOMBRE,IDCANTON) values ('365','SAN FELIPE','34');
Insert into HAPPYPAWS.DISTRITO (IDDISTRITO,NOMBRE,IDCANTON) values ('366','CONCEPCION','34');
Insert into HAPPYPAWS.DISTRITO (IDDISTRITO,NOMBRE,IDCANTON) values ('367','ALAJUELITA','34');
Insert into HAPPYPAWS.DISTRITO (IDDISTRITO,NOMBRE,IDCANTON) values ('368','SAN JOSECITO','34');
Insert into HAPPYPAWS.DISTRITO (IDDISTRITO,NOMBRE,IDCANTON) values ('369','SAN ANTONIO','34');
Insert into HAPPYPAWS.DISTRITO (IDDISTRITO,NOMBRE,IDCANTON) values ('370','LA VIRGEN','43');
Insert into HAPPYPAWS.DISTRITO (IDDISTRITO,NOMBRE,IDCANTON) values ('371','LLANURAS DEL GASPAR','43');
Insert into HAPPYPAWS.DISTRITO (IDDISTRITO,NOMBRE,IDCANTON) values ('372','LAS HORQUETAS','43');
Insert into HAPPYPAWS.DISTRITO (IDDISTRITO,NOMBRE,IDCANTON) values ('373','PUERTO VIEJO','43');
Insert into HAPPYPAWS.DISTRITO (IDDISTRITO,NOMBRE,IDCANTON) values ('374','CURE헤','43');
Insert into HAPPYPAWS.DISTRITO (IDDISTRITO,NOMBRE,IDCANTON) values ('375','PITAL','56');
Insert into HAPPYPAWS.DISTRITO (IDDISTRITO,NOMBRE,IDCANTON) values ('376','CUTRIS','56');
Insert into HAPPYPAWS.DISTRITO (IDDISTRITO,NOMBRE,IDCANTON) values ('377','QUESADA','56');
Insert into HAPPYPAWS.DISTRITO (IDDISTRITO,NOMBRE,IDCANTON) values ('378','VENECIA','56');
Insert into HAPPYPAWS.DISTRITO (IDDISTRITO,NOMBRE,IDCANTON) values ('379','AGUAS ZARCAS','56');
Insert into HAPPYPAWS.DISTRITO (IDDISTRITO,NOMBRE,IDCANTON) values ('380','LA PALMERA','56');
Insert into HAPPYPAWS.DISTRITO (IDDISTRITO,NOMBRE,IDCANTON) values ('381','BUENAVISTA','56');
Insert into HAPPYPAWS.DISTRITO (IDDISTRITO,NOMBRE,IDCANTON) values ('382','LA TIGRA','56');
Insert into HAPPYPAWS.DISTRITO (IDDISTRITO,NOMBRE,IDCANTON) values ('383','FLORENCIA','56');
Insert into HAPPYPAWS.DISTRITO (IDDISTRITO,NOMBRE,IDCANTON) values ('384','VENADO','56');
Insert into HAPPYPAWS.DISTRITO (IDDISTRITO,NOMBRE,IDCANTON) values ('385','LA FORTUNA','56');
Insert into HAPPYPAWS.DISTRITO (IDDISTRITO,NOMBRE,IDCANTON) values ('386','MONTERREY','56');
Insert into HAPPYPAWS.DISTRITO (IDDISTRITO,NOMBRE,IDCANTON) values ('387','POCOSOL','56');
Insert into HAPPYPAWS.DISTRITO (IDDISTRITO,NOMBRE,IDCANTON) values ('388','LA CRUZ','78');
Insert into HAPPYPAWS.DISTRITO (IDDISTRITO,NOMBRE,IDCANTON) values ('389','SANTA ELENA','78');
Insert into HAPPYPAWS.DISTRITO (IDDISTRITO,NOMBRE,IDCANTON) values ('390','LA GARITA','78');
Insert into HAPPYPAWS.DISTRITO (IDDISTRITO,NOMBRE,IDCANTON) values ('391','SANTA CECILIA','78');
Insert into HAPPYPAWS.DISTRITO (IDDISTRITO,NOMBRE,IDCANTON) values ('392','PATALILLO','29');
Insert into HAPPYPAWS.DISTRITO (IDDISTRITO,NOMBRE,IDCANTON) values ('393','CASCAJAL','29');
Insert into HAPPYPAWS.DISTRITO (IDDISTRITO,NOMBRE,IDCANTON) values ('394','SAN RAFAEL','29');
Insert into HAPPYPAWS.DISTRITO (IDDISTRITO,NOMBRE,IDCANTON) values ('395','DULCE NOMBRE DE JESUS','29');
Insert into HAPPYPAWS.DISTRITO (IDDISTRITO,NOMBRE,IDCANTON) values ('396','SAN ISIDRO','29');
Insert into HAPPYPAWS.DISTRITO (IDDISTRITO,NOMBRE,IDCANTON) values ('397','ZARCERO','62');
Insert into HAPPYPAWS.DISTRITO (IDDISTRITO,NOMBRE,IDCANTON) values ('398','TAPESCO','62');
Insert into HAPPYPAWS.DISTRITO (IDDISTRITO,NOMBRE,IDCANTON) values ('399','PALMIRA','62');
Insert into HAPPYPAWS.DISTRITO (IDDISTRITO,NOMBRE,IDCANTON) values ('400','BRISAS','62');
Insert into HAPPYPAWS.DISTRITO (IDDISTRITO,NOMBRE,IDCANTON) values ('401','ZAPOTE','62');
Insert into HAPPYPAWS.DISTRITO (IDDISTRITO,NOMBRE,IDCANTON) values ('402','GUADALUPE','62');
Insert into HAPPYPAWS.DISTRITO (IDDISTRITO,NOMBRE,IDCANTON) values ('403','LAGUNA','62');
Insert into HAPPYPAWS.DISTRITO (IDDISTRITO,NOMBRE,IDCANTON) values ('404','JACO','63');
Insert into HAPPYPAWS.DISTRITO (IDDISTRITO,NOMBRE,IDCANTON) values ('405','TARCOLES','63');
Insert into HAPPYPAWS.DISTRITO (IDDISTRITO,NOMBRE,IDCANTON) values ('406','PUERTO CARRILLO','75');
Insert into HAPPYPAWS.DISTRITO (IDDISTRITO,NOMBRE,IDCANTON) values ('407','HOJANCHA','75');
Insert into HAPPYPAWS.DISTRITO (IDDISTRITO,NOMBRE,IDCANTON) values ('408','HUACAS','75');
Insert into HAPPYPAWS.DISTRITO (IDDISTRITO,NOMBRE,IDCANTON) values ('409','MONTE ROMO','75');
Insert into HAPPYPAWS.DISTRITO (IDDISTRITO,NOMBRE,IDCANTON) values ('410','PALMICHAL','33');
Insert into HAPPYPAWS.DISTRITO (IDDISTRITO,NOMBRE,IDCANTON) values ('411','SAN IGNACIO','33');
Insert into HAPPYPAWS.DISTRITO (IDDISTRITO,NOMBRE,IDCANTON) values ('412','CANGREJAL','33');
Insert into HAPPYPAWS.DISTRITO (IDDISTRITO,NOMBRE,IDCANTON) values ('413','SABANILLAS','33');
Insert into HAPPYPAWS.DISTRITO (IDDISTRITO,NOMBRE,IDCANTON) values ('414','GUAITIL','33');
Insert into HAPPYPAWS.DISTRITO (IDDISTRITO,NOMBRE,IDCANTON) values ('415','SAN PEDRO','60');
Insert into HAPPYPAWS.DISTRITO (IDDISTRITO,NOMBRE,IDCANTON) values ('416','RODRIGUEZ','60');
Insert into HAPPYPAWS.DISTRITO (IDDISTRITO,NOMBRE,IDCANTON) values ('417','SARCHI NORTE','60');
Insert into HAPPYPAWS.DISTRITO (IDDISTRITO,NOMBRE,IDCANTON) values ('418','SARCHI SUR','60');
Insert into HAPPYPAWS.DISTRITO (IDDISTRITO,NOMBRE,IDCANTON) values ('419','TORO AMARILLO','60');
Insert into HAPPYPAWS.DISTRITO (IDDISTRITO,NOMBRE,IDCANTON) values ('420','SAN JUAN','27');
Insert into HAPPYPAWS.DISTRITO (IDDISTRITO,NOMBRE,IDCANTON) values ('421','COLIMA','27');
Insert into HAPPYPAWS.DISTRITO (IDDISTRITO,NOMBRE,IDCANTON) values ('422','LEON XIII','27');
Insert into HAPPYPAWS.DISTRITO (IDDISTRITO,NOMBRE,IDCANTON) values ('423','CINCO ESQUINAS','27');
Insert into HAPPYPAWS.DISTRITO (IDDISTRITO,NOMBRE,IDCANTON) values ('424','ANSELMO LLORENTE','27');
Insert into HAPPYPAWS.DISTRITO (IDDISTRITO,NOMBRE,IDCANTON) values ('425','DELICIAS','69');
Insert into HAPPYPAWS.DISTRITO (IDDISTRITO,NOMBRE,IDCANTON) values ('426','YOLILLAL','69');
Insert into HAPPYPAWS.DISTRITO (IDDISTRITO,NOMBRE,IDCANTON) values ('427','UPALA','69');
Insert into HAPPYPAWS.DISTRITO (IDDISTRITO,NOMBRE,IDCANTON) values ('428','BIJAGUA','69');
Insert into HAPPYPAWS.DISTRITO (IDDISTRITO,NOMBRE,IDCANTON) values ('429','SAN JOSE O PIZOTE','69');
Insert into HAPPYPAWS.DISTRITO (IDDISTRITO,NOMBRE,IDCANTON) values ('430','AGUAS CLARAS','69');
Insert into HAPPYPAWS.DISTRITO (IDDISTRITO,NOMBRE,IDCANTON) values ('431','DOS RIOS','69');
Insert into HAPPYPAWS.DISTRITO (IDDISTRITO,NOMBRE,IDCANTON) values ('432','SAN VICENTE','28');
Insert into HAPPYPAWS.DISTRITO (IDDISTRITO,NOMBRE,IDCANTON) values ('433','LA TRINIDAD','28');
Insert into HAPPYPAWS.DISTRITO (IDDISTRITO,NOMBRE,IDCANTON) values ('434','SAN JERONIMO','28');
Insert into HAPPYPAWS.DISTRITO (IDDISTRITO,NOMBRE,IDCANTON) values ('435','CA헲 NEGRO','80');
Insert into HAPPYPAWS.DISTRITO (IDDISTRITO,NOMBRE,IDCANTON) values ('436','LOS CHILES','80');
Insert into HAPPYPAWS.DISTRITO (IDDISTRITO,NOMBRE,IDCANTON) values ('437','SAN JORGE','80');
Insert into HAPPYPAWS.DISTRITO (IDDISTRITO,NOMBRE,IDCANTON) values ('438','EL AMPARO','80');
Insert into HAPPYPAWS.DISTRITO (IDDISTRITO,NOMBRE,IDCANTON) values ('439','SAN RAFAEL','26');
Insert into HAPPYPAWS.DISTRITO (IDDISTRITO,NOMBRE,IDCANTON) values ('440','SABANILLA','26');
Insert into HAPPYPAWS.DISTRITO (IDDISTRITO,NOMBRE,IDCANTON) values ('441','SAN PEDRO','26');
Insert into HAPPYPAWS.DISTRITO (IDDISTRITO,NOMBRE,IDCANTON) values ('442','MERCEDES','26');
Insert into HAPPYPAWS.DISTRITO (IDDISTRITO,NOMBRE,IDCANTON) values ('443','SAN RAFAEL','70');
Insert into HAPPYPAWS.DISTRITO (IDDISTRITO,NOMBRE,IDCANTON) values ('444','COTE','70');
Insert into HAPPYPAWS.DISTRITO (IDDISTRITO,NOMBRE,IDCANTON) values ('445','BUENAVISTA','70');
Insert into HAPPYPAWS.DISTRITO (IDDISTRITO,NOMBRE,IDCANTON) values ('446','KATIRA','70');
Insert into HAPPYPAWS.DISTRITO (IDDISTRITO,NOMBRE,IDCANTON) values ('447','SAN PABLO','53');
Insert into HAPPYPAWS.DISTRITO (IDDISTRITO,NOMBRE,IDCANTON) values ('448','SAN PEDRO','53');
Insert into HAPPYPAWS.DISTRITO (IDDISTRITO,NOMBRE,IDCANTON) values ('449','SAN LUIS','53');
Insert into HAPPYPAWS.DISTRITO (IDDISTRITO,NOMBRE,IDCANTON) values ('450','SAN JUAN DE MATA','53');
Insert into HAPPYPAWS.DISTRITO (IDDISTRITO,NOMBRE,IDCANTON) values ('451','CARARA','53');
Insert into HAPPYPAWS.DISTRITO (IDDISTRITO,NOMBRE,IDCANTON) values ('452','JARDIN','41');
Insert into HAPPYPAWS.DISTRITO (IDDISTRITO,NOMBRE,IDCANTON) values ('453','COPEY','41');
Insert into HAPPYPAWS.DISTRITO (IDDISTRITO,NOMBRE,IDCANTON) values ('454','SANTA MARIA','41');
Insert into HAPPYPAWS.DISTRITO (IDDISTRITO,NOMBRE,IDCANTON) values ('455','GRANADILLA','25');
Insert into HAPPYPAWS.DISTRITO (IDDISTRITO,NOMBRE,IDCANTON) values ('456','TIRRASES','25');
Insert into HAPPYPAWS.DISTRITO (IDDISTRITO,NOMBRE,IDCANTON) values ('457','SANCHEZ','25');
Insert into HAPPYPAWS.DISTRITO (IDDISTRITO,NOMBRE,IDCANTON) values ('458','CURRIDABAT','25');
Insert into HAPPYPAWS.DISTRITO (IDDISTRITO,NOMBRE,IDCANTON) values ('459','PEJIBAYE','13');
Insert into HAPPYPAWS.DISTRITO (IDDISTRITO,NOMBRE,IDCANTON) values ('460','PLATANARES','13');
Insert into HAPPYPAWS.DISTRITO (IDDISTRITO,NOMBRE,IDCANTON) values ('461','DANIEL FLORES','13');
Insert into HAPPYPAWS.DISTRITO (IDDISTRITO,NOMBRE,IDCANTON) values ('462','EL GENERAL','13');
Insert into HAPPYPAWS.DISTRITO (IDDISTRITO,NOMBRE,IDCANTON) values ('463','CAJON','13');
Insert into HAPPYPAWS.DISTRITO (IDDISTRITO,NOMBRE,IDCANTON) values ('464','SAN PEDRO','13');
Insert into HAPPYPAWS.DISTRITO (IDDISTRITO,NOMBRE,IDCANTON) values ('465','RIVAS','13');
Insert into HAPPYPAWS.DISTRITO (IDDISTRITO,NOMBRE,IDCANTON) values ('466','SAN ISIDRO DEL GENERAL','13');
Insert into HAPPYPAWS.DISTRITO (IDDISTRITO,NOMBRE,IDCANTON) values ('467','PARAMO','13');
Insert into HAPPYPAWS.DISTRITO (IDDISTRITO,NOMBRE,IDCANTON) values ('468','BARU','13');
Insert into HAPPYPAWS.DISTRITO (IDDISTRITO,NOMBRE,IDCANTON) values ('469','RIO NUEVO','13');
Insert into HAPPYPAWS.DISTRITO (IDDISTRITO,NOMBRE,IDCANTON) values ('470','SAN ISIDRO','44');
Insert into HAPPYPAWS.DISTRITO (IDDISTRITO,NOMBRE,IDCANTON) values ('471','LLANO BONITO','44');
Insert into HAPPYPAWS.DISTRITO (IDDISTRITO,NOMBRE,IDCANTON) values ('472','SAN PABLO','44');
Insert into HAPPYPAWS.DISTRITO (IDDISTRITO,NOMBRE,IDCANTON) values ('473','SAN ANDRES','44');
Insert into HAPPYPAWS.DISTRITO (IDDISTRITO,NOMBRE,IDCANTON) values ('474','SANTA CRUZ','44');
Insert into HAPPYPAWS.DISTRITO (IDDISTRITO,NOMBRE,IDCANTON) values ('475','SAN ANTONIO','44');
REM INSERTING into HAPPYPAWS.ESPECIALIDAD
SET DEFINE OFF;
REM INSERTING into HAPPYPAWS.HISTORIALMEDICO
SET DEFINE OFF;
REM INSERTING into HAPPYPAWS.HORARIOCITAS
SET DEFINE OFF;
REM INSERTING into HAPPYPAWS.HORARIOCOLABORADOR
SET DEFINE OFF;
REM INSERTING into HAPPYPAWS.MASCOTA
SET DEFINE OFF;
REM INSERTING into HAPPYPAWS.PROVINCIA
SET DEFINE OFF;
Insert into HAPPYPAWS.PROVINCIA (IDPROVINCIA,NOMBRE) values ('1','San Jose');
Insert into HAPPYPAWS.PROVINCIA (IDPROVINCIA,NOMBRE) values ('2','Alajuela');
Insert into HAPPYPAWS.PROVINCIA (IDPROVINCIA,NOMBRE) values ('3','Cartago');
Insert into HAPPYPAWS.PROVINCIA (IDPROVINCIA,NOMBRE) values ('4','Heredia');
Insert into HAPPYPAWS.PROVINCIA (IDPROVINCIA,NOMBRE) values ('5','Guanacaste');
Insert into HAPPYPAWS.PROVINCIA (IDPROVINCIA,NOMBRE) values ('6','Puntarenas');
Insert into HAPPYPAWS.PROVINCIA (IDPROVINCIA,NOMBRE) values ('7','Lim蚤');
REM INSERTING into HAPPYPAWS.RAZA
SET DEFINE OFF;
REM INSERTING into HAPPYPAWS.ROL
SET DEFINE OFF;
Insert into HAPPYPAWS.ROL (IDROL,NOMBREROL) values ('1','Admin');
Insert into HAPPYPAWS.ROL (IDROL,NOMBREROL) values ('2','Medico');
Insert into HAPPYPAWS.ROL (IDROL,NOMBREROL) values ('3','User');
REM INSERTING into HAPPYPAWS.SERVICIOS
SET DEFINE OFF;
REM INSERTING into HAPPYPAWS.TIPOMASCOTA
SET DEFINE OFF;
--------------------------------------------------------
--  DDL for Index PK_CANTON
--------------------------------------------------------

  CREATE UNIQUE INDEX "HAPPYPAWS"."PK_CANTON" ON "HAPPYPAWS"."CANTON" ("IDCANTON") 
  PCTFREE 10 INITRANS 2 MAXTRANS 255 COMPUTE STATISTICS 
  STORAGE(INITIAL 65536 NEXT 1048576 MINEXTENTS 1 MAXEXTENTS 2147483645
  PCTINCREASE 0 FREELISTS 1 FREELIST GROUPS 1
  BUFFER_POOL DEFAULT FLASH_CACHE DEFAULT CELL_FLASH_CACHE DEFAULT)
  TABLESPACE "HAPPYPAWS" ;
--------------------------------------------------------
--  DDL for Index PK_CARGO
--------------------------------------------------------

  CREATE UNIQUE INDEX "HAPPYPAWS"."PK_CARGO" ON "HAPPYPAWS"."CARGO" ("IDCARGO") 
  PCTFREE 10 INITRANS 2 MAXTRANS 255 COMPUTE STATISTICS 
  TABLESPACE "HAPPYPAWS" ;
--------------------------------------------------------
--  DDL for Index PK_CITAS
--------------------------------------------------------

  CREATE UNIQUE INDEX "HAPPYPAWS"."PK_CITAS" ON "HAPPYPAWS"."CITAS" ("IDCITA") 
  PCTFREE 10 INITRANS 2 MAXTRANS 255 COMPUTE STATISTICS 
  TABLESPACE "HAPPYPAWS" ;
--------------------------------------------------------
--  DDL for Index PK_CLIENTE
--------------------------------------------------------

  CREATE UNIQUE INDEX "HAPPYPAWS"."PK_CLIENTE" ON "HAPPYPAWS"."CLIENTE" ("IDCLIENTE") 
  PCTFREE 10 INITRANS 2 MAXTRANS 255 COMPUTE STATISTICS 
  STORAGE(INITIAL 65536 NEXT 1048576 MINEXTENTS 1 MAXEXTENTS 2147483645
  PCTINCREASE 0 FREELISTS 1 FREELIST GROUPS 1
  BUFFER_POOL DEFAULT FLASH_CACHE DEFAULT CELL_FLASH_CACHE DEFAULT)
  TABLESPACE "HAPPYPAWS" ;
--------------------------------------------------------
--  DDL for Index PK_COLABORADOR
--------------------------------------------------------

  CREATE UNIQUE INDEX "HAPPYPAWS"."PK_COLABORADOR" ON "HAPPYPAWS"."COLABORADOR" ("IDCOLABORADOR") 
  PCTFREE 10 INITRANS 2 MAXTRANS 255 COMPUTE STATISTICS 
  TABLESPACE "HAPPYPAWS" ;
--------------------------------------------------------
--  DDL for Index PK_COLABORADORSERVICIO
--------------------------------------------------------

  CREATE UNIQUE INDEX "HAPPYPAWS"."PK_COLABORADORSERVICIO" ON "HAPPYPAWS"."COLABORADORSERVICIO" ("IDSERVICIO", "IDCOLABORADOR") 
  PCTFREE 10 INITRANS 2 MAXTRANS 255 COMPUTE STATISTICS 
  TABLESPACE "HAPPYPAWS" ;
--------------------------------------------------------
--  DDL for Index PK_CONTACTO
--------------------------------------------------------

  CREATE UNIQUE INDEX "HAPPYPAWS"."PK_CONTACTO" ON "HAPPYPAWS"."CONTACTO" ("IDCONTACTO") 
  PCTFREE 10 INITRANS 2 MAXTRANS 255 COMPUTE STATISTICS 
  TABLESPACE "HAPPYPAWS" ;
--------------------------------------------------------
--  DDL for Index PK_DISTRITO
--------------------------------------------------------

  CREATE UNIQUE INDEX "HAPPYPAWS"."PK_DISTRITO" ON "HAPPYPAWS"."DISTRITO" ("IDDISTRITO") 
  PCTFREE 10 INITRANS 2 MAXTRANS 255 COMPUTE STATISTICS 
  STORAGE(INITIAL 65536 NEXT 1048576 MINEXTENTS 1 MAXEXTENTS 2147483645
  PCTINCREASE 0 FREELISTS 1 FREELIST GROUPS 1
  BUFFER_POOL DEFAULT FLASH_CACHE DEFAULT CELL_FLASH_CACHE DEFAULT)
  TABLESPACE "HAPPYPAWS" ;
--------------------------------------------------------
--  DDL for Index PK_ESPECIALIDAD
--------------------------------------------------------

  CREATE UNIQUE INDEX "HAPPYPAWS"."PK_ESPECIALIDAD" ON "HAPPYPAWS"."ESPECIALIDAD" ("IDESPECIALIDAD") 
  PCTFREE 10 INITRANS 2 MAXTRANS 255 COMPUTE STATISTICS 
  TABLESPACE "HAPPYPAWS" ;
--------------------------------------------------------
--  DDL for Index PK_HISTORIALMEDICO
--------------------------------------------------------

  CREATE UNIQUE INDEX "HAPPYPAWS"."PK_HISTORIALMEDICO" ON "HAPPYPAWS"."HISTORIALMEDICO" ("IDHMEDICO") 
  PCTFREE 10 INITRANS 2 MAXTRANS 255 COMPUTE STATISTICS 
  TABLESPACE "HAPPYPAWS" ;
--------------------------------------------------------
--  DDL for Index PK_HORARIOCITAS
--------------------------------------------------------

  CREATE UNIQUE INDEX "HAPPYPAWS"."PK_HORARIOCITAS" ON "HAPPYPAWS"."HORARIOCITAS" ("IDHORARIO") 
  PCTFREE 10 INITRANS 2 MAXTRANS 255 COMPUTE STATISTICS 
  TABLESPACE "HAPPYPAWS" ;
--------------------------------------------------------
--  DDL for Index PK_HORARIOCOLABORADOR
--------------------------------------------------------

  CREATE UNIQUE INDEX "HAPPYPAWS"."PK_HORARIOCOLABORADOR" ON "HAPPYPAWS"."HORARIOCOLABORADOR" ("IDHORARIO", "IDCOLABORADOR") 
  PCTFREE 10 INITRANS 2 MAXTRANS 255 COMPUTE STATISTICS 
  TABLESPACE "HAPPYPAWS" ;
--------------------------------------------------------
--  DDL for Index PK_MASCOTA
--------------------------------------------------------

  CREATE UNIQUE INDEX "HAPPYPAWS"."PK_MASCOTA" ON "HAPPYPAWS"."MASCOTA" ("IDMASCOTA") 
  PCTFREE 10 INITRANS 2 MAXTRANS 255 COMPUTE STATISTICS 
  TABLESPACE "HAPPYPAWS" ;
--------------------------------------------------------
--  DDL for Index PK_PROVINCIA
--------------------------------------------------------

  CREATE UNIQUE INDEX "HAPPYPAWS"."PK_PROVINCIA" ON "HAPPYPAWS"."PROVINCIA" ("IDPROVINCIA") 
  PCTFREE 10 INITRANS 2 MAXTRANS 255 COMPUTE STATISTICS 
  STORAGE(INITIAL 65536 NEXT 1048576 MINEXTENTS 1 MAXEXTENTS 2147483645
  PCTINCREASE 0 FREELISTS 1 FREELIST GROUPS 1
  BUFFER_POOL DEFAULT FLASH_CACHE DEFAULT CELL_FLASH_CACHE DEFAULT)
  TABLESPACE "HAPPYPAWS" ;
--------------------------------------------------------
--  DDL for Index PK_RAZA
--------------------------------------------------------

  CREATE UNIQUE INDEX "HAPPYPAWS"."PK_RAZA" ON "HAPPYPAWS"."RAZA" ("IDRAZA") 
  PCTFREE 10 INITRANS 2 MAXTRANS 255 COMPUTE STATISTICS 
  TABLESPACE "HAPPYPAWS" ;
--------------------------------------------------------
--  DDL for Index PK_ROL
--------------------------------------------------------

  CREATE UNIQUE INDEX "HAPPYPAWS"."PK_ROL" ON "HAPPYPAWS"."ROL" ("IDROL") 
  PCTFREE 10 INITRANS 2 MAXTRANS 255 COMPUTE STATISTICS 
  STORAGE(INITIAL 65536 NEXT 1048576 MINEXTENTS 1 MAXEXTENTS 2147483645
  PCTINCREASE 0 FREELISTS 1 FREELIST GROUPS 1
  BUFFER_POOL DEFAULT FLASH_CACHE DEFAULT CELL_FLASH_CACHE DEFAULT)
  TABLESPACE "HAPPYPAWS" ;
--------------------------------------------------------
--  DDL for Index PK_SERVICIOS
--------------------------------------------------------

  CREATE UNIQUE INDEX "HAPPYPAWS"."PK_SERVICIOS" ON "HAPPYPAWS"."SERVICIOS" ("IDSERVICIO") 
  PCTFREE 10 INITRANS 2 MAXTRANS 255 COMPUTE STATISTICS 
  TABLESPACE "HAPPYPAWS" ;
--------------------------------------------------------
--  DDL for Index PK_TIPOMASCOTA
--------------------------------------------------------

  CREATE UNIQUE INDEX "HAPPYPAWS"."PK_TIPOMASCOTA" ON "HAPPYPAWS"."TIPOMASCOTA" ("IDTIPOMASCOTA") 
  PCTFREE 10 INITRANS 2 MAXTRANS 255 COMPUTE STATISTICS 
  TABLESPACE "HAPPYPAWS" ;
--------------------------------------------------------
--  Constraints for Table ESPECIALIDAD
--------------------------------------------------------

  ALTER TABLE "HAPPYPAWS"."ESPECIALIDAD" MODIFY ("IDESPECIALIDAD" NOT NULL ENABLE);
  ALTER TABLE "HAPPYPAWS"."ESPECIALIDAD" MODIFY ("ESPECIALIDAD" NOT NULL ENABLE);
  ALTER TABLE "HAPPYPAWS"."ESPECIALIDAD" ADD CONSTRAINT "PK_ESPECIALIDAD" PRIMARY KEY ("IDESPECIALIDAD")
  USING INDEX PCTFREE 10 INITRANS 2 MAXTRANS 255 COMPUTE STATISTICS 
  TABLESPACE "HAPPYPAWS"  ENABLE;
--------------------------------------------------------
--  Constraints for Table HISTORIALMEDICO
--------------------------------------------------------

  ALTER TABLE "HAPPYPAWS"."HISTORIALMEDICO" MODIFY ("IDHMEDICO" NOT NULL ENABLE);
  ALTER TABLE "HAPPYPAWS"."HISTORIALMEDICO" MODIFY ("DETALLECITA" NOT NULL ENABLE);
  ALTER TABLE "HAPPYPAWS"."HISTORIALMEDICO" MODIFY ("IDMASCOTA" NOT NULL ENABLE);
  ALTER TABLE "HAPPYPAWS"."HISTORIALMEDICO" MODIFY ("IDCOLABORADOR" NOT NULL ENABLE);
  ALTER TABLE "HAPPYPAWS"."HISTORIALMEDICO" MODIFY ("IDCITA" NOT NULL ENABLE);
  ALTER TABLE "HAPPYPAWS"."HISTORIALMEDICO" ADD CONSTRAINT "PK_HISTORIALMEDICO" PRIMARY KEY ("IDHMEDICO")
  USING INDEX PCTFREE 10 INITRANS 2 MAXTRANS 255 COMPUTE STATISTICS 
  TABLESPACE "HAPPYPAWS"  ENABLE;
--------------------------------------------------------
--  Constraints for Table PROVINCIA
--------------------------------------------------------

  ALTER TABLE "HAPPYPAWS"."PROVINCIA" MODIFY ("IDPROVINCIA" NOT NULL ENABLE);
  ALTER TABLE "HAPPYPAWS"."PROVINCIA" MODIFY ("NOMBRE" NOT NULL ENABLE);
  ALTER TABLE "HAPPYPAWS"."PROVINCIA" ADD CONSTRAINT "PK_PROVINCIA" PRIMARY KEY ("IDPROVINCIA")
  USING INDEX PCTFREE 10 INITRANS 2 MAXTRANS 255 COMPUTE STATISTICS 
  STORAGE(INITIAL 65536 NEXT 1048576 MINEXTENTS 1 MAXEXTENTS 2147483645
  PCTINCREASE 0 FREELISTS 1 FREELIST GROUPS 1
  BUFFER_POOL DEFAULT FLASH_CACHE DEFAULT CELL_FLASH_CACHE DEFAULT)
  TABLESPACE "HAPPYPAWS"  ENABLE;
--------------------------------------------------------
--  Constraints for Table RAZA
--------------------------------------------------------

  ALTER TABLE "HAPPYPAWS"."RAZA" MODIFY ("IDRAZA" NOT NULL ENABLE);
  ALTER TABLE "HAPPYPAWS"."RAZA" ADD CONSTRAINT "PK_RAZA" PRIMARY KEY ("IDRAZA")
  USING INDEX PCTFREE 10 INITRANS 2 MAXTRANS 255 COMPUTE STATISTICS 
  TABLESPACE "HAPPYPAWS"  ENABLE;
--------------------------------------------------------
--  Constraints for Table HORARIOCOLABORADOR
--------------------------------------------------------

  ALTER TABLE "HAPPYPAWS"."HORARIOCOLABORADOR" MODIFY ("IDHORARIO" NOT NULL ENABLE);
  ALTER TABLE "HAPPYPAWS"."HORARIOCOLABORADOR" MODIFY ("IDCOLABORADOR" NOT NULL ENABLE);
  ALTER TABLE "HAPPYPAWS"."HORARIOCOLABORADOR" ADD CONSTRAINT "PK_HORARIOCOLABORADOR" PRIMARY KEY ("IDHORARIO", "IDCOLABORADOR")
  USING INDEX PCTFREE 10 INITRANS 2 MAXTRANS 255 COMPUTE STATISTICS 
  TABLESPACE "HAPPYPAWS"  ENABLE;
--------------------------------------------------------
--  Constraints for Table COLABORADORSERVICIO
--------------------------------------------------------

  ALTER TABLE "HAPPYPAWS"."COLABORADORSERVICIO" MODIFY ("IDSERVICIO" NOT NULL ENABLE);
  ALTER TABLE "HAPPYPAWS"."COLABORADORSERVICIO" MODIFY ("IDCOLABORADOR" NOT NULL ENABLE);
  ALTER TABLE "HAPPYPAWS"."COLABORADORSERVICIO" ADD CONSTRAINT "PK_COLABORADORSERVICIO" PRIMARY KEY ("IDSERVICIO", "IDCOLABORADOR")
  USING INDEX PCTFREE 10 INITRANS 2 MAXTRANS 255 COMPUTE STATISTICS 
  TABLESPACE "HAPPYPAWS"  ENABLE;
--------------------------------------------------------
--  Constraints for Table CLIENTE
--------------------------------------------------------

  ALTER TABLE "HAPPYPAWS"."CLIENTE" MODIFY ("IDCLIENTE" NOT NULL ENABLE);
  ALTER TABLE "HAPPYPAWS"."CLIENTE" ADD CONSTRAINT "PK_CLIENTE" PRIMARY KEY ("IDCLIENTE")
  USING INDEX PCTFREE 10 INITRANS 2 MAXTRANS 255 COMPUTE STATISTICS 
  STORAGE(INITIAL 65536 NEXT 1048576 MINEXTENTS 1 MAXEXTENTS 2147483645
  PCTINCREASE 0 FREELISTS 1 FREELIST GROUPS 1
  BUFFER_POOL DEFAULT FLASH_CACHE DEFAULT CELL_FLASH_CACHE DEFAULT)
  TABLESPACE "HAPPYPAWS"  ENABLE;
  ALTER TABLE "HAPPYPAWS"."CLIENTE" MODIFY ("CONTRASENA" NOT NULL ENABLE);
--------------------------------------------------------
--  Constraints for Table CITAS
--------------------------------------------------------

  ALTER TABLE "HAPPYPAWS"."CITAS" MODIFY ("IDCITA" NOT NULL ENABLE);
  ALTER TABLE "HAPPYPAWS"."CITAS" MODIFY ("IDHORARIO" NOT NULL ENABLE);
  ALTER TABLE "HAPPYPAWS"."CITAS" MODIFY ("IDMASCOTA" NOT NULL ENABLE);
  ALTER TABLE "HAPPYPAWS"."CITAS" MODIFY ("IDSERVICIO" NOT NULL ENABLE);
  ALTER TABLE "HAPPYPAWS"."CITAS" ADD CONSTRAINT "PK_CITAS" PRIMARY KEY ("IDCITA")
  USING INDEX PCTFREE 10 INITRANS 2 MAXTRANS 255 COMPUTE STATISTICS 
  TABLESPACE "HAPPYPAWS"  ENABLE;
--------------------------------------------------------
--  Constraints for Table TIPOMASCOTA
--------------------------------------------------------

  ALTER TABLE "HAPPYPAWS"."TIPOMASCOTA" MODIFY ("IDTIPOMASCOTA" NOT NULL ENABLE);
  ALTER TABLE "HAPPYPAWS"."TIPOMASCOTA" MODIFY ("IDRAZA" NOT NULL ENABLE);
  ALTER TABLE "HAPPYPAWS"."TIPOMASCOTA" ADD CONSTRAINT "PK_TIPOMASCOTA" PRIMARY KEY ("IDTIPOMASCOTA")
  USING INDEX PCTFREE 10 INITRANS 2 MAXTRANS 255 COMPUTE STATISTICS 
  TABLESPACE "HAPPYPAWS"  ENABLE;
--------------------------------------------------------
--  Constraints for Table DISTRITO
--------------------------------------------------------

  ALTER TABLE "HAPPYPAWS"."DISTRITO" MODIFY ("IDDISTRITO" NOT NULL ENABLE);
  ALTER TABLE "HAPPYPAWS"."DISTRITO" MODIFY ("NOMBRE" NOT NULL ENABLE);
  ALTER TABLE "HAPPYPAWS"."DISTRITO" MODIFY ("IDCANTON" NOT NULL ENABLE);
  ALTER TABLE "HAPPYPAWS"."DISTRITO" ADD CONSTRAINT "PK_DISTRITO" PRIMARY KEY ("IDDISTRITO")
  USING INDEX PCTFREE 10 INITRANS 2 MAXTRANS 255 COMPUTE STATISTICS 
  STORAGE(INITIAL 65536 NEXT 1048576 MINEXTENTS 1 MAXEXTENTS 2147483645
  PCTINCREASE 0 FREELISTS 1 FREELIST GROUPS 1
  BUFFER_POOL DEFAULT FLASH_CACHE DEFAULT CELL_FLASH_CACHE DEFAULT)
  TABLESPACE "HAPPYPAWS"  ENABLE;
--------------------------------------------------------
--  Constraints for Table COLABORADOR
--------------------------------------------------------

  ALTER TABLE "HAPPYPAWS"."COLABORADOR" MODIFY ("IDCOLABORADOR" NOT NULL ENABLE);
  ALTER TABLE "HAPPYPAWS"."COLABORADOR" MODIFY ("IDCARGO" NOT NULL ENABLE);
  ALTER TABLE "HAPPYPAWS"."COLABORADOR" MODIFY ("IDESPECIALIDAD" NOT NULL ENABLE);
  ALTER TABLE "HAPPYPAWS"."COLABORADOR" ADD CONSTRAINT "PK_COLABORADOR" PRIMARY KEY ("IDCOLABORADOR")
  USING INDEX PCTFREE 10 INITRANS 2 MAXTRANS 255 COMPUTE STATISTICS 
  TABLESPACE "HAPPYPAWS"  ENABLE;
  ALTER TABLE "HAPPYPAWS"."COLABORADOR" MODIFY ("IDROL" NOT NULL ENABLE);
  ALTER TABLE "HAPPYPAWS"."COLABORADOR" MODIFY ("CORREO" NOT NULL ENABLE);
  ALTER TABLE "HAPPYPAWS"."COLABORADOR" MODIFY ("CONTRASENA" NOT NULL ENABLE);
--------------------------------------------------------
--  Constraints for Table HORARIOCITAS
--------------------------------------------------------

  ALTER TABLE "HAPPYPAWS"."HORARIOCITAS" MODIFY ("IDHORARIO" NOT NULL ENABLE);
  ALTER TABLE "HAPPYPAWS"."HORARIOCITAS" ADD CONSTRAINT "PK_HORARIOCITAS" PRIMARY KEY ("IDHORARIO")
  USING INDEX PCTFREE 10 INITRANS 2 MAXTRANS 255 COMPUTE STATISTICS 
  TABLESPACE "HAPPYPAWS"  ENABLE;
--------------------------------------------------------
--  Constraints for Table MASCOTA
--------------------------------------------------------

  ALTER TABLE "HAPPYPAWS"."MASCOTA" MODIFY ("IDMASCOTA" NOT NULL ENABLE);
  ALTER TABLE "HAPPYPAWS"."MASCOTA" MODIFY ("NOMBRE" NOT NULL ENABLE);
  ALTER TABLE "HAPPYPAWS"."MASCOTA" MODIFY ("IDTIPOMASCOTA" NOT NULL ENABLE);
  ALTER TABLE "HAPPYPAWS"."MASCOTA" MODIFY ("IDCLIENTE" NOT NULL ENABLE);
  ALTER TABLE "HAPPYPAWS"."MASCOTA" ADD CONSTRAINT "PK_MASCOTA" PRIMARY KEY ("IDMASCOTA")
  USING INDEX PCTFREE 10 INITRANS 2 MAXTRANS 255 COMPUTE STATISTICS 
  TABLESPACE "HAPPYPAWS"  ENABLE;
--------------------------------------------------------
--  Constraints for Table CANTON
--------------------------------------------------------

  ALTER TABLE "HAPPYPAWS"."CANTON" MODIFY ("IDCANTON" NOT NULL ENABLE);
  ALTER TABLE "HAPPYPAWS"."CANTON" MODIFY ("NOMBRE" NOT NULL ENABLE);
  ALTER TABLE "HAPPYPAWS"."CANTON" MODIFY ("IDPROVINCIA" NOT NULL ENABLE);
  ALTER TABLE "HAPPYPAWS"."CANTON" ADD CONSTRAINT "PK_CANTON" PRIMARY KEY ("IDCANTON")
  USING INDEX PCTFREE 10 INITRANS 2 MAXTRANS 255 COMPUTE STATISTICS 
  STORAGE(INITIAL 65536 NEXT 1048576 MINEXTENTS 1 MAXEXTENTS 2147483645
  PCTINCREASE 0 FREELISTS 1 FREELIST GROUPS 1
  BUFFER_POOL DEFAULT FLASH_CACHE DEFAULT CELL_FLASH_CACHE DEFAULT)
  TABLESPACE "HAPPYPAWS"  ENABLE;
--------------------------------------------------------
--  Constraints for Table ROL
--------------------------------------------------------

  ALTER TABLE "HAPPYPAWS"."ROL" MODIFY ("IDROL" NOT NULL ENABLE);
  ALTER TABLE "HAPPYPAWS"."ROL" MODIFY ("NOMBREROL" NOT NULL ENABLE);
  ALTER TABLE "HAPPYPAWS"."ROL" ADD CONSTRAINT "PK_ROL" PRIMARY KEY ("IDROL")
  USING INDEX PCTFREE 10 INITRANS 2 MAXTRANS 255 COMPUTE STATISTICS 
  STORAGE(INITIAL 65536 NEXT 1048576 MINEXTENTS 1 MAXEXTENTS 2147483645
  PCTINCREASE 0 FREELISTS 1 FREELIST GROUPS 1
  BUFFER_POOL DEFAULT FLASH_CACHE DEFAULT CELL_FLASH_CACHE DEFAULT)
  TABLESPACE "HAPPYPAWS"  ENABLE;
--------------------------------------------------------
--  Constraints for Table CARGO
--------------------------------------------------------

  ALTER TABLE "HAPPYPAWS"."CARGO" MODIFY ("IDCARGO" NOT NULL ENABLE);
  ALTER TABLE "HAPPYPAWS"."CARGO" ADD CONSTRAINT "PK_CARGO" PRIMARY KEY ("IDCARGO")
  USING INDEX PCTFREE 10 INITRANS 2 MAXTRANS 255 COMPUTE STATISTICS 
  TABLESPACE "HAPPYPAWS"  ENABLE;
--------------------------------------------------------
--  Constraints for Table CONTACTO
--------------------------------------------------------

  ALTER TABLE "HAPPYPAWS"."CONTACTO" MODIFY ("IDCONTACTO" NOT NULL ENABLE);
  ALTER TABLE "HAPPYPAWS"."CONTACTO" ADD CONSTRAINT "PK_CONTACTO" PRIMARY KEY ("IDCONTACTO")
  USING INDEX PCTFREE 10 INITRANS 2 MAXTRANS 255 COMPUTE STATISTICS 
  TABLESPACE "HAPPYPAWS"  ENABLE;
--------------------------------------------------------
--  Constraints for Table SERVICIOS
--------------------------------------------------------

  ALTER TABLE "HAPPYPAWS"."SERVICIOS" MODIFY ("IDSERVICIO" NOT NULL ENABLE);
  ALTER TABLE "HAPPYPAWS"."SERVICIOS" ADD CONSTRAINT "PK_SERVICIOS" PRIMARY KEY ("IDSERVICIO")
  USING INDEX PCTFREE 10 INITRANS 2 MAXTRANS 255 COMPUTE STATISTICS 
  TABLESPACE "HAPPYPAWS"  ENABLE;
--------------------------------------------------------
--  Ref Constraints for Table CANTON
--------------------------------------------------------

  ALTER TABLE "HAPPYPAWS"."CANTON" ADD CONSTRAINT "FK_CANTON_PROVINCIA" FOREIGN KEY ("IDPROVINCIA")
	  REFERENCES "HAPPYPAWS"."PROVINCIA" ("IDPROVINCIA") ENABLE;
--------------------------------------------------------
--  Ref Constraints for Table CITAS
--------------------------------------------------------

  ALTER TABLE "HAPPYPAWS"."CITAS" ADD CONSTRAINT "FK_CITAS_HORARIO" FOREIGN KEY ("IDHORARIO")
	  REFERENCES "HAPPYPAWS"."HORARIOCITAS" ("IDHORARIO") ENABLE;
  ALTER TABLE "HAPPYPAWS"."CITAS" ADD CONSTRAINT "FK_CITAS_MASCOTA" FOREIGN KEY ("IDMASCOTA")
	  REFERENCES "HAPPYPAWS"."MASCOTA" ("IDMASCOTA") ENABLE;
  ALTER TABLE "HAPPYPAWS"."CITAS" ADD CONSTRAINT "FK_CITAS_SERVICIO" FOREIGN KEY ("IDSERVICIO")
	  REFERENCES "HAPPYPAWS"."SERVICIOS" ("IDSERVICIO") ENABLE;
--------------------------------------------------------
--  Ref Constraints for Table CLIENTE
--------------------------------------------------------

  ALTER TABLE "HAPPYPAWS"."CLIENTE" ADD CONSTRAINT "FK_CLIENTE_PROVINCIA" FOREIGN KEY ("IDPROVINCIA")
	  REFERENCES "HAPPYPAWS"."PROVINCIA" ("IDPROVINCIA") ENABLE;
  ALTER TABLE "HAPPYPAWS"."CLIENTE" ADD CONSTRAINT "FK_CLIENTE_CANTON" FOREIGN KEY ("IDCANTON")
	  REFERENCES "HAPPYPAWS"."CANTON" ("IDCANTON") ENABLE;
  ALTER TABLE "HAPPYPAWS"."CLIENTE" ADD CONSTRAINT "FK_CLIENTE_DISTRITO" FOREIGN KEY ("IDDISTRITO")
	  REFERENCES "HAPPYPAWS"."DISTRITO" ("IDDISTRITO") ENABLE;
--------------------------------------------------------
--  Ref Constraints for Table COLABORADOR
--------------------------------------------------------

  ALTER TABLE "HAPPYPAWS"."COLABORADOR" ADD CONSTRAINT "FK_COLABORADOR_CARGO" FOREIGN KEY ("IDCARGO")
	  REFERENCES "HAPPYPAWS"."CARGO" ("IDCARGO") ENABLE;
  ALTER TABLE "HAPPYPAWS"."COLABORADOR" ADD CONSTRAINT "FK_COLABORADOR_ESPECIALIDAD" FOREIGN KEY ("IDESPECIALIDAD")
	  REFERENCES "HAPPYPAWS"."ESPECIALIDAD" ("IDESPECIALIDAD") ENABLE;
--------------------------------------------------------
--  Ref Constraints for Table COLABORADORSERVICIO
--------------------------------------------------------

  ALTER TABLE "HAPPYPAWS"."COLABORADORSERVICIO" ADD CONSTRAINT "FK_COLABORADOR_SERVICIO" FOREIGN KEY ("IDSERVICIO")
	  REFERENCES "HAPPYPAWS"."SERVICIOS" ("IDSERVICIO") ENABLE;
  ALTER TABLE "HAPPYPAWS"."COLABORADORSERVICIO" ADD CONSTRAINT "FK_SERVICIOCOLABORADOR" FOREIGN KEY ("IDCOLABORADOR")
	  REFERENCES "HAPPYPAWS"."COLABORADOR" ("IDCOLABORADOR") ENABLE;
--------------------------------------------------------
--  Ref Constraints for Table DISTRITO
--------------------------------------------------------

  ALTER TABLE "HAPPYPAWS"."DISTRITO" ADD CONSTRAINT "FK_DISTRITO_CANTON" FOREIGN KEY ("IDCANTON")
	  REFERENCES "HAPPYPAWS"."CANTON" ("IDCANTON") ENABLE;
--------------------------------------------------------
--  Ref Constraints for Table HISTORIALMEDICO
--------------------------------------------------------

  ALTER TABLE "HAPPYPAWS"."HISTORIALMEDICO" ADD CONSTRAINT "FK_HISTORIALMEDICO_MASCOTA" FOREIGN KEY ("IDMASCOTA")
	  REFERENCES "HAPPYPAWS"."MASCOTA" ("IDMASCOTA") ENABLE;
  ALTER TABLE "HAPPYPAWS"."HISTORIALMEDICO" ADD CONSTRAINT "FK_HISTORIALMEDICO_COLABORADOR" FOREIGN KEY ("IDCOLABORADOR")
	  REFERENCES "HAPPYPAWS"."COLABORADOR" ("IDCOLABORADOR") ENABLE;
  ALTER TABLE "HAPPYPAWS"."HISTORIALMEDICO" ADD CONSTRAINT "FK_HISTORIALMEDICO_CITA" FOREIGN KEY ("IDCITA")
	  REFERENCES "HAPPYPAWS"."CITAS" ("IDCITA") ENABLE;
--------------------------------------------------------
--  Ref Constraints for Table HORARIOCOLABORADOR
--------------------------------------------------------

  ALTER TABLE "HAPPYPAWS"."HORARIOCOLABORADOR" ADD CONSTRAINT "FK_HORARIO_COLABORADOR" FOREIGN KEY ("IDHORARIO")
	  REFERENCES "HAPPYPAWS"."HORARIOCITAS" ("IDHORARIO") ENABLE;
  ALTER TABLE "HAPPYPAWS"."HORARIOCOLABORADOR" ADD CONSTRAINT "FK_COLABORADORHORARIO" FOREIGN KEY ("IDCOLABORADOR")
	  REFERENCES "HAPPYPAWS"."COLABORADOR" ("IDCOLABORADOR") ENABLE;
--------------------------------------------------------
--  Ref Constraints for Table MASCOTA
--------------------------------------------------------

  ALTER TABLE "HAPPYPAWS"."MASCOTA" ADD CONSTRAINT "FK_MASCOTA_TIPOMASCOTA" FOREIGN KEY ("IDTIPOMASCOTA")
	  REFERENCES "HAPPYPAWS"."TIPOMASCOTA" ("IDTIPOMASCOTA") ENABLE;
  ALTER TABLE "HAPPYPAWS"."MASCOTA" ADD CONSTRAINT "FK_MASCOTA_CLIENTE" FOREIGN KEY ("IDCLIENTE")
	  REFERENCES "HAPPYPAWS"."CLIENTE" ("IDCLIENTE") ENABLE;
--------------------------------------------------------
--  Ref Constraints for Table TIPOMASCOTA
--------------------------------------------------------

  ALTER TABLE "HAPPYPAWS"."TIPOMASCOTA" ADD CONSTRAINT "FK_TIPOMASCOTA_RAZA" FOREIGN KEY ("IDRAZA")
	  REFERENCES "HAPPYPAWS"."RAZA" ("IDRAZA") ENABLE;
