--------------------------------------------------------
-- Archivo creado  - lunes-noviembre-06-2023   
--------------------------------------------------------
--------------------------------------------------------
--  DDL for Table ASIGNACIONCITAS
--------------------------------------------------------

  CREATE TABLE "HAPPYPAWS"."ASIGNACIONCITAS" 
   (	"IDASIGNACIONCITA" NUMBER GENERATED BY DEFAULT AS IDENTITY MINVALUE 1 MAXVALUE 9999999999999999999999999999 INCREMENT BY 1 START WITH 1 CACHE 20 NOORDER  NOCYCLE  NOKEEP  NOSCALE , 
	"IDCITA" NUMBER, 
	"IDCOLABORADOR" NUMBER
   ) SEGMENT CREATION IMMEDIATE 
  PCTFREE 10 PCTUSED 40 INITRANS 1 MAXTRANS 255 
 NOCOMPRESS LOGGING
  STORAGE(INITIAL 65536 NEXT 1048576 MINEXTENTS 1 MAXEXTENTS 2147483645
  PCTINCREASE 0 FREELISTS 1 FREELIST GROUPS 1
  BUFFER_POOL DEFAULT FLASH_CACHE DEFAULT CELL_FLASH_CACHE DEFAULT)
  TABLESPACE "HAPPYPAWS" ;
--------------------------------------------------------
--  DDL for Table CANTON
--------------------------------------------------------

  CREATE TABLE "HAPPYPAWS"."CANTON" 
   (	"IDCANTON" NUMBER GENERATED BY DEFAULT AS IDENTITY MINVALUE 1 MAXVALUE 9999999999999999999999999999 INCREMENT BY 1 START WITH 1 CACHE 20 NOORDER  NOCYCLE  NOKEEP  NOSCALE , 
	"NOMBRE" VARCHAR2(50 BYTE), 
	"IDPROVINCIA" NUMBER
   ) SEGMENT CREATION IMMEDIATE 
  PCTFREE 10 PCTUSED 40 INITRANS 1 MAXTRANS 255 
 NOCOMPRESS LOGGING
  STORAGE(INITIAL 65536 NEXT 1048576 MINEXTENTS 1 MAXEXTENTS 2147483645
  PCTINCREASE 0 FREELISTS 1 FREELIST GROUPS 1
  BUFFER_POOL DEFAULT FLASH_CACHE DEFAULT CELL_FLASH_CACHE DEFAULT)
  TABLESPACE "HAPPYPAWS" ;
--------------------------------------------------------
--  DDL for Table CARGO
--------------------------------------------------------

  CREATE TABLE "HAPPYPAWS"."CARGO" 
   (	"IDCARGO" NUMBER GENERATED BY DEFAULT AS IDENTITY MINVALUE 1 MAXVALUE 9999999999999999999999999999 INCREMENT BY 1 START WITH 1 CACHE 20 NOORDER  NOCYCLE  NOKEEP  NOSCALE , 
	"CARGO" VARCHAR2(30 BYTE)
   ) SEGMENT CREATION IMMEDIATE 
  PCTFREE 10 PCTUSED 40 INITRANS 1 MAXTRANS 255 
 NOCOMPRESS LOGGING
  STORAGE(INITIAL 65536 NEXT 1048576 MINEXTENTS 1 MAXEXTENTS 2147483645
  PCTINCREASE 0 FREELISTS 1 FREELIST GROUPS 1
  BUFFER_POOL DEFAULT FLASH_CACHE DEFAULT CELL_FLASH_CACHE DEFAULT)
  TABLESPACE "HAPPYPAWS" ;
--------------------------------------------------------
--  DDL for Table CITAS
--------------------------------------------------------

  CREATE TABLE "HAPPYPAWS"."CITAS" 
   (	"IDCITA" NUMBER GENERATED BY DEFAULT AS IDENTITY MINVALUE 1 MAXVALUE 9999999999999999999999999999 INCREMENT BY 1 START WITH 1 CACHE 20 NOORDER  NOCYCLE  NOKEEP  NOSCALE , 
	"IDCLIENTE" NUMBER, 
	"IDMASCOTA" NUMBER, 
	"IDSERVICIO" NUMBER, 
	"FECHA" DATE, 
	"IDHORARIO" NUMBER, 
	"IDESTADO" NUMBER
   ) SEGMENT CREATION IMMEDIATE 
  PCTFREE 10 PCTUSED 40 INITRANS 1 MAXTRANS 255 
 NOCOMPRESS LOGGING
  STORAGE(INITIAL 65536 NEXT 1048576 MINEXTENTS 1 MAXEXTENTS 2147483645
  PCTINCREASE 0 FREELISTS 1 FREELIST GROUPS 1
  BUFFER_POOL DEFAULT FLASH_CACHE DEFAULT CELL_FLASH_CACHE DEFAULT)
  TABLESPACE "HAPPYPAWS" ;
--------------------------------------------------------
--  DDL for Table CLIENTE
--------------------------------------------------------

  CREATE TABLE "HAPPYPAWS"."CLIENTE" 
   (	"IDCLIENTE" NUMBER GENERATED BY DEFAULT AS IDENTITY MINVALUE 1 MAXVALUE 9999999999999999999999999999 INCREMENT BY 1 START WITH 1 CACHE 20 NOORDER  NOCYCLE  NOKEEP  NOSCALE , 
	"NOMBRE" VARCHAR2(30 BYTE), 
	"APELLIDO1" VARCHAR2(30 BYTE), 
	"APELLIDO2" VARCHAR2(30 BYTE), 
	"TELEFONO" VARCHAR2(15 BYTE), 
	"IMAGEN" VARCHAR2(400 BYTE) DEFAULT 'NULL', 
	"DOMICILIO" VARCHAR2(250 BYTE), 
	"IDPROVINCIA" NUMBER, 
	"IDCANTON" NUMBER, 
	"IDDISTRITO" NUMBER, 
	"IDROL" NUMBER DEFAULT 3, 
	"CORREO" VARCHAR2(100 BYTE), 
	"CONTRASENA" VARCHAR2(250 BYTE)
   ) SEGMENT CREATION IMMEDIATE 
  PCTFREE 10 PCTUSED 40 INITRANS 1 MAXTRANS 255 
 NOCOMPRESS LOGGING
  STORAGE(INITIAL 65536 NEXT 1048576 MINEXTENTS 1 MAXEXTENTS 2147483645
  PCTINCREASE 0 FREELISTS 1 FREELIST GROUPS 1
  BUFFER_POOL DEFAULT FLASH_CACHE DEFAULT CELL_FLASH_CACHE DEFAULT)
  TABLESPACE "HAPPYPAWS" ;
--------------------------------------------------------
--  DDL for Table COLABORADOR
--------------------------------------------------------

  CREATE TABLE "HAPPYPAWS"."COLABORADOR" 
   (	"IDCOLABORADOR" NUMBER GENERATED BY DEFAULT AS IDENTITY MINVALUE 1 MAXVALUE 9999999999999999999999999999 INCREMENT BY 1 START WITH 1 CACHE 20 NOORDER  NOCYCLE  NOKEEP  NOSCALE , 
	"NOMBRE" VARCHAR2(30 BYTE), 
	"APELLIDO1" VARCHAR2(30 BYTE), 
	"APELLIDO2" VARCHAR2(30 BYTE), 
	"IDCARGO" NUMBER, 
	"IDESPECIALIDAD" NUMBER, 
	"IMAGEN" VARCHAR2(400 BYTE) DEFAULT 'no_disponible.webp', 
	"IDROL" NUMBER DEFAULT 1, 
	"CORREO" VARCHAR2(100 BYTE), 
	"CONTRASENA" VARCHAR2(250 BYTE)
   ) SEGMENT CREATION IMMEDIATE 
  PCTFREE 10 PCTUSED 40 INITRANS 1 MAXTRANS 255 
 NOCOMPRESS LOGGING
  STORAGE(INITIAL 65536 NEXT 1048576 MINEXTENTS 1 MAXEXTENTS 2147483645
  PCTINCREASE 0 FREELISTS 1 FREELIST GROUPS 1
  BUFFER_POOL DEFAULT FLASH_CACHE DEFAULT CELL_FLASH_CACHE DEFAULT)
  TABLESPACE "HAPPYPAWS" ;
--------------------------------------------------------
--  DDL for Table COLABORADORSERVICIO
--------------------------------------------------------

  CREATE TABLE "HAPPYPAWS"."COLABORADORSERVICIO" 
   (	"IDSERVICIO" NUMBER, 
	"IDCOLABORADOR" NUMBER
   ) SEGMENT CREATION IMMEDIATE 
  PCTFREE 10 PCTUSED 40 INITRANS 1 MAXTRANS 255 
 NOCOMPRESS LOGGING
  STORAGE(INITIAL 65536 NEXT 1048576 MINEXTENTS 1 MAXEXTENTS 2147483645
  PCTINCREASE 0 FREELISTS 1 FREELIST GROUPS 1
  BUFFER_POOL DEFAULT FLASH_CACHE DEFAULT CELL_FLASH_CACHE DEFAULT)
  TABLESPACE "HAPPYPAWS" ;
--------------------------------------------------------
--  DDL for Table DISTRITO
--------------------------------------------------------

  CREATE TABLE "HAPPYPAWS"."DISTRITO" 
   (	"IDDISTRITO" NUMBER GENERATED BY DEFAULT AS IDENTITY MINVALUE 1 MAXVALUE 9999999999999999999999999999 INCREMENT BY 1 START WITH 1 CACHE 20 NOORDER  NOCYCLE  NOKEEP  NOSCALE , 
	"NOMBRE" VARCHAR2(50 BYTE), 
	"IDCANTON" NUMBER
   ) SEGMENT CREATION IMMEDIATE 
  PCTFREE 10 PCTUSED 40 INITRANS 1 MAXTRANS 255 
 NOCOMPRESS LOGGING
  STORAGE(INITIAL 65536 NEXT 1048576 MINEXTENTS 1 MAXEXTENTS 2147483645
  PCTINCREASE 0 FREELISTS 1 FREELIST GROUPS 1
  BUFFER_POOL DEFAULT FLASH_CACHE DEFAULT CELL_FLASH_CACHE DEFAULT)
  TABLESPACE "HAPPYPAWS" ;
--------------------------------------------------------
--  DDL for Table ESPECIALIDAD
--------------------------------------------------------

  CREATE TABLE "HAPPYPAWS"."ESPECIALIDAD" 
   (	"IDESPECIALIDAD" NUMBER GENERATED BY DEFAULT AS IDENTITY MINVALUE 1 MAXVALUE 9999999999999999999999999999 INCREMENT BY 1 START WITH 1 CACHE 20 NOORDER  NOCYCLE  NOKEEP  NOSCALE , 
	"ESPECIALIDAD" VARCHAR2(50 BYTE), 
	"DESCRIPCION" VARCHAR2(200 BYTE)
   ) SEGMENT CREATION IMMEDIATE 
  PCTFREE 10 PCTUSED 40 INITRANS 1 MAXTRANS 255 
 NOCOMPRESS LOGGING
  STORAGE(INITIAL 65536 NEXT 1048576 MINEXTENTS 1 MAXEXTENTS 2147483645
  PCTINCREASE 0 FREELISTS 1 FREELIST GROUPS 1
  BUFFER_POOL DEFAULT FLASH_CACHE DEFAULT CELL_FLASH_CACHE DEFAULT)
  TABLESPACE "HAPPYPAWS" ;
--------------------------------------------------------
--  DDL for Table ESTADO
--------------------------------------------------------

  CREATE TABLE "HAPPYPAWS"."ESTADO" 
   (	"IDESTADO" NUMBER GENERATED BY DEFAULT AS IDENTITY MINVALUE 1 MAXVALUE 9999999999999999999999999999 INCREMENT BY 1 START WITH 1 CACHE 20 NOORDER  NOCYCLE  NOKEEP  NOSCALE , 
	"ESTADO" VARCHAR2(30 BYTE)
   ) SEGMENT CREATION IMMEDIATE 
  PCTFREE 10 PCTUSED 40 INITRANS 1 MAXTRANS 255 
 NOCOMPRESS LOGGING
  STORAGE(INITIAL 65536 NEXT 1048576 MINEXTENTS 1 MAXEXTENTS 2147483645
  PCTINCREASE 0 FREELISTS 1 FREELIST GROUPS 1
  BUFFER_POOL DEFAULT FLASH_CACHE DEFAULT CELL_FLASH_CACHE DEFAULT)
  TABLESPACE "HAPPYPAWS" ;
--------------------------------------------------------
--  DDL for Table EVENTOS
--------------------------------------------------------

  CREATE TABLE "HAPPYPAWS"."EVENTOS" 
   (	"IDEVENTO" NUMBER GENERATED BY DEFAULT AS IDENTITY MINVALUE 1 MAXVALUE 9999999999999999999999999999 INCREMENT BY 1 START WITH 1 CACHE 20 NOORDER  NOCYCLE  NOKEEP  NOSCALE , 
	"LUGAR" VARCHAR2(200 BYTE), 
	"FECHA" DATE, 
	"HORA_INICIO" TIMESTAMP (6), 
	"HORA_FIN" TIMESTAMP (6), 
	"DESCRIPCION" VARCHAR2(400 BYTE), 
	"IMAGEN" VARCHAR2(400 BYTE), 
	"IDPROVINCIA" NUMBER, 
	"IDCANTON" NUMBER, 
	"IDDISTRITO" NUMBER, 
	"NOMBREEVENTO" VARCHAR2(100 BYTE)
   ) SEGMENT CREATION IMMEDIATE 
  PCTFREE 10 PCTUSED 40 INITRANS 1 MAXTRANS 255 
 NOCOMPRESS LOGGING
  STORAGE(INITIAL 65536 NEXT 1048576 MINEXTENTS 1 MAXEXTENTS 2147483645
  PCTINCREASE 0 FREELISTS 1 FREELIST GROUPS 1
  BUFFER_POOL DEFAULT FLASH_CACHE DEFAULT CELL_FLASH_CACHE DEFAULT)
  TABLESPACE "HAPPYPAWS" ;
--------------------------------------------------------
--  DDL for Table HISTORIALMEDICO
--------------------------------------------------------

  CREATE TABLE "HAPPYPAWS"."HISTORIALMEDICO" 
   (	"IDHMEDICO" NUMBER GENERATED BY DEFAULT AS IDENTITY MINVALUE 1 MAXVALUE 9999999999999999999999999999 INCREMENT BY 1 START WITH 1 CACHE 20 NOORDER  NOCYCLE  NOKEEP  NOSCALE , 
	"DETALLECITA" CLOB, 
	"COSTE" NUMBER, 
	"IDMASCOTA" NUMBER, 
	"IDCOLABORADOR" NUMBER, 
	"IDCITA" NUMBER
   ) SEGMENT CREATION IMMEDIATE 
  PCTFREE 10 PCTUSED 40 INITRANS 1 MAXTRANS 255 
 NOCOMPRESS LOGGING
  STORAGE(INITIAL 65536 NEXT 1048576 MINEXTENTS 1 MAXEXTENTS 2147483645
  PCTINCREASE 0 FREELISTS 1 FREELIST GROUPS 1
  BUFFER_POOL DEFAULT FLASH_CACHE DEFAULT CELL_FLASH_CACHE DEFAULT)
  TABLESPACE "HAPPYPAWS" 
 LOB ("DETALLECITA") STORE AS SECUREFILE (
  TABLESPACE "HAPPYPAWS" ENABLE STORAGE IN ROW 4000 CHUNK 8192
  NOCACHE LOGGING  NOCOMPRESS  KEEP_DUPLICATES 
  STORAGE(INITIAL 262144 NEXT 1048576 MINEXTENTS 1 MAXEXTENTS 2147483645
  PCTINCREASE 0
  BUFFER_POOL DEFAULT FLASH_CACHE DEFAULT CELL_FLASH_CACHE DEFAULT)) ;
--------------------------------------------------------
--  DDL for Table HORARIOCITAS
--------------------------------------------------------

  CREATE TABLE "HAPPYPAWS"."HORARIOCITAS" 
   (	"IDHORARIO" NUMBER GENERATED BY DEFAULT AS IDENTITY MINVALUE 1 MAXVALUE 9999999999999999999999999999 INCREMENT BY 1 START WITH 1 CACHE 20 NOORDER  NOCYCLE  NOKEEP  NOSCALE , 
	"HORAINICIO" VARCHAR2(8 BYTE), 
	"HORAFIN" VARCHAR2(8 BYTE)
   ) SEGMENT CREATION IMMEDIATE 
  PCTFREE 10 PCTUSED 40 INITRANS 1 MAXTRANS 255 
 NOCOMPRESS LOGGING
  STORAGE(INITIAL 65536 NEXT 1048576 MINEXTENTS 1 MAXEXTENTS 2147483645
  PCTINCREASE 0 FREELISTS 1 FREELIST GROUPS 1
  BUFFER_POOL DEFAULT FLASH_CACHE DEFAULT CELL_FLASH_CACHE DEFAULT)
  TABLESPACE "HAPPYPAWS" ;
--------------------------------------------------------
--  DDL for Table MASCOTA
--------------------------------------------------------

  CREATE TABLE "HAPPYPAWS"."MASCOTA" 
   (	"IDMASCOTA" NUMBER GENERATED BY DEFAULT AS IDENTITY MINVALUE 1 MAXVALUE 9999999999999999999999999999 INCREMENT BY 1 START WITH 1 CACHE 20 NOORDER  NOCYCLE  NOKEEP  NOSCALE , 
	"NOMBRE" VARCHAR2(30 BYTE), 
	"DESCRIPCION" VARCHAR2(1000 BYTE), 
	"IMAGEN" VARCHAR2(400 BYTE), 
	"IDTIPOMASCOTA" NUMBER, 
	"IDCLIENTE" NUMBER
   ) SEGMENT CREATION IMMEDIATE 
  PCTFREE 10 PCTUSED 40 INITRANS 1 MAXTRANS 255 
 NOCOMPRESS LOGGING
  STORAGE(INITIAL 65536 NEXT 1048576 MINEXTENTS 1 MAXEXTENTS 2147483645
  PCTINCREASE 0 FREELISTS 1 FREELIST GROUPS 1
  BUFFER_POOL DEFAULT FLASH_CACHE DEFAULT CELL_FLASH_CACHE DEFAULT)
  TABLESPACE "HAPPYPAWS" ;
--------------------------------------------------------
--  DDL for Table PROVINCIA
--------------------------------------------------------

  CREATE TABLE "HAPPYPAWS"."PROVINCIA" 
   (	"IDPROVINCIA" NUMBER GENERATED BY DEFAULT AS IDENTITY MINVALUE 1 MAXVALUE 9999999999999999999999999999 INCREMENT BY 1 START WITH 1 CACHE 20 NOORDER  NOCYCLE  NOKEEP  NOSCALE , 
	"NOMBRE" VARCHAR2(50 BYTE)
   ) SEGMENT CREATION IMMEDIATE 
  PCTFREE 10 PCTUSED 40 INITRANS 1 MAXTRANS 255 
 NOCOMPRESS LOGGING
  STORAGE(INITIAL 65536 NEXT 1048576 MINEXTENTS 1 MAXEXTENTS 2147483645
  PCTINCREASE 0 FREELISTS 1 FREELIST GROUPS 1
  BUFFER_POOL DEFAULT FLASH_CACHE DEFAULT CELL_FLASH_CACHE DEFAULT)
  TABLESPACE "HAPPYPAWS" ;
--------------------------------------------------------
--  DDL for Table ROL
--------------------------------------------------------

  CREATE TABLE "HAPPYPAWS"."ROL" 
   (	"IDROL" NUMBER GENERATED BY DEFAULT AS IDENTITY MINVALUE 1 MAXVALUE 9999999999999999999999999999 INCREMENT BY 1 START WITH 1 CACHE 20 NOORDER  NOCYCLE  NOKEEP  NOSCALE , 
	"NOMBREROL" VARCHAR2(50 BYTE)
   ) SEGMENT CREATION IMMEDIATE 
  PCTFREE 10 PCTUSED 40 INITRANS 1 MAXTRANS 255 
 NOCOMPRESS LOGGING
  STORAGE(INITIAL 65536 NEXT 1048576 MINEXTENTS 1 MAXEXTENTS 2147483645
  PCTINCREASE 0 FREELISTS 1 FREELIST GROUPS 1
  BUFFER_POOL DEFAULT FLASH_CACHE DEFAULT CELL_FLASH_CACHE DEFAULT)
  TABLESPACE "HAPPYPAWS" ;
--------------------------------------------------------
--  DDL for Table SERVICIOS
--------------------------------------------------------

  CREATE TABLE "HAPPYPAWS"."SERVICIOS" 
   (	"IDSERVICIO" NUMBER GENERATED BY DEFAULT AS IDENTITY MINVALUE 1 MAXVALUE 9999999999999999999999999999 INCREMENT BY 1 START WITH 1 CACHE 20 NOORDER  NOCYCLE  NOKEEP  NOSCALE , 
	"SERVICIO" VARCHAR2(50 BYTE), 
	"DESCRIPCION" VARCHAR2(200 BYTE)
   ) SEGMENT CREATION IMMEDIATE 
  PCTFREE 10 PCTUSED 40 INITRANS 1 MAXTRANS 255 
 NOCOMPRESS LOGGING
  STORAGE(INITIAL 65536 NEXT 1048576 MINEXTENTS 1 MAXEXTENTS 2147483645
  PCTINCREASE 0 FREELISTS 1 FREELIST GROUPS 1
  BUFFER_POOL DEFAULT FLASH_CACHE DEFAULT CELL_FLASH_CACHE DEFAULT)
  TABLESPACE "HAPPYPAWS" ;
--------------------------------------------------------
--  DDL for Table TIPOMASCOTA
--------------------------------------------------------

  CREATE TABLE "HAPPYPAWS"."TIPOMASCOTA" 
   (	"IDTIPOMASCOTA" NUMBER GENERATED BY DEFAULT AS IDENTITY MINVALUE 1 MAXVALUE 9999999999999999999999999999 INCREMENT BY 1 START WITH 1 CACHE 20 NOORDER  NOCYCLE  NOKEEP  NOSCALE , 
	"TIPO" VARCHAR2(30 BYTE)
   ) SEGMENT CREATION IMMEDIATE 
  PCTFREE 10 PCTUSED 40 INITRANS 1 MAXTRANS 255 
 NOCOMPRESS LOGGING
  STORAGE(INITIAL 65536 NEXT 1048576 MINEXTENTS 1 MAXEXTENTS 2147483645
  PCTINCREASE 0 FREELISTS 1 FREELIST GROUPS 1
  BUFFER_POOL DEFAULT FLASH_CACHE DEFAULT CELL_FLASH_CACHE DEFAULT)
  TABLESPACE "HAPPYPAWS" ;
REM INSERTING into HAPPYPAWS.ASIGNACIONCITAS
SET DEFINE OFF;
Insert into HAPPYPAWS.ASIGNACIONCITAS (IDASIGNACIONCITA,IDCITA,IDCOLABORADOR) values ('1','2','4');
Insert into HAPPYPAWS.ASIGNACIONCITAS (IDASIGNACIONCITA,IDCITA,IDCOLABORADOR) values ('2','3','2');
Insert into HAPPYPAWS.ASIGNACIONCITAS (IDASIGNACIONCITA,IDCITA,IDCOLABORADOR) values ('3','4','5');
Insert into HAPPYPAWS.ASIGNACIONCITAS (IDASIGNACIONCITA,IDCITA,IDCOLABORADOR) values ('4','5','2');
Insert into HAPPYPAWS.ASIGNACIONCITAS (IDASIGNACIONCITA,IDCITA,IDCOLABORADOR) values ('5','6','5');
Insert into HAPPYPAWS.ASIGNACIONCITAS (IDASIGNACIONCITA,IDCITA,IDCOLABORADOR) values ('6','7','2');
Insert into HAPPYPAWS.ASIGNACIONCITAS (IDASIGNACIONCITA,IDCITA,IDCOLABORADOR) values ('7','8','2');
Insert into HAPPYPAWS.ASIGNACIONCITAS (IDASIGNACIONCITA,IDCITA,IDCOLABORADOR) values ('8','9','2');
Insert into HAPPYPAWS.ASIGNACIONCITAS (IDASIGNACIONCITA,IDCITA,IDCOLABORADOR) values ('9','10','3');
Insert into HAPPYPAWS.ASIGNACIONCITAS (IDASIGNACIONCITA,IDCITA,IDCOLABORADOR) values ('10','11','4');
Insert into HAPPYPAWS.ASIGNACIONCITAS (IDASIGNACIONCITA,IDCITA,IDCOLABORADOR) values ('11','12','2');
Insert into HAPPYPAWS.ASIGNACIONCITAS (IDASIGNACIONCITA,IDCITA,IDCOLABORADOR) values ('12','13','3');
Insert into HAPPYPAWS.ASIGNACIONCITAS (IDASIGNACIONCITA,IDCITA,IDCOLABORADOR) values ('13','14','5');
Insert into HAPPYPAWS.ASIGNACIONCITAS (IDASIGNACIONCITA,IDCITA,IDCOLABORADOR) values ('14','15','3');
Insert into HAPPYPAWS.ASIGNACIONCITAS (IDASIGNACIONCITA,IDCITA,IDCOLABORADOR) values ('15','16','3');
Insert into HAPPYPAWS.ASIGNACIONCITAS (IDASIGNACIONCITA,IDCITA,IDCOLABORADOR) values ('16','17','5');
Insert into HAPPYPAWS.ASIGNACIONCITAS (IDASIGNACIONCITA,IDCITA,IDCOLABORADOR) values ('17','18','3');
Insert into HAPPYPAWS.ASIGNACIONCITAS (IDASIGNACIONCITA,IDCITA,IDCOLABORADOR) values ('18','19','4');
Insert into HAPPYPAWS.ASIGNACIONCITAS (IDASIGNACIONCITA,IDCITA,IDCOLABORADOR) values ('19','20','4');
REM INSERTING into HAPPYPAWS.CANTON
SET DEFINE OFF;
Insert into HAPPYPAWS.CANTON (IDCANTON,NOMBRE,IDPROVINCIA) values ('101','San José','1');
Insert into HAPPYPAWS.CANTON (IDCANTON,NOMBRE,IDPROVINCIA) values ('102','Alajuelita','1');
Insert into HAPPYPAWS.CANTON (IDCANTON,NOMBRE,IDPROVINCIA) values ('103','Vázquez de Coronado','1');
Insert into HAPPYPAWS.CANTON (IDCANTON,NOMBRE,IDPROVINCIA) values ('104','Acosta','1');
Insert into HAPPYPAWS.CANTON (IDCANTON,NOMBRE,IDPROVINCIA) values ('105','Tibás','1');
Insert into HAPPYPAWS.CANTON (IDCANTON,NOMBRE,IDPROVINCIA) values ('106','Moravia','1');
Insert into HAPPYPAWS.CANTON (IDCANTON,NOMBRE,IDPROVINCIA) values ('107','Montes de Oca','1');
Insert into HAPPYPAWS.CANTON (IDCANTON,NOMBRE,IDPROVINCIA) values ('108','Turrubares','1');
Insert into HAPPYPAWS.CANTON (IDCANTON,NOMBRE,IDPROVINCIA) values ('109','Dota','1');
Insert into HAPPYPAWS.CANTON (IDCANTON,NOMBRE,IDPROVINCIA) values ('110','Curridabat','1');
Insert into HAPPYPAWS.CANTON (IDCANTON,NOMBRE,IDPROVINCIA) values ('111','Pérez Zeledón','1');
Insert into HAPPYPAWS.CANTON (IDCANTON,NOMBRE,IDPROVINCIA) values ('112','Escazú','1');
Insert into HAPPYPAWS.CANTON (IDCANTON,NOMBRE,IDPROVINCIA) values ('113','León Cortés','1');
Insert into HAPPYPAWS.CANTON (IDCANTON,NOMBRE,IDPROVINCIA) values ('114','Desamparados','1');
Insert into HAPPYPAWS.CANTON (IDCANTON,NOMBRE,IDPROVINCIA) values ('115','Puriscal','1');
Insert into HAPPYPAWS.CANTON (IDCANTON,NOMBRE,IDPROVINCIA) values ('116','Tarrazú','1');
Insert into HAPPYPAWS.CANTON (IDCANTON,NOMBRE,IDPROVINCIA) values ('117','Aserrí','1');
Insert into HAPPYPAWS.CANTON (IDCANTON,NOMBRE,IDPROVINCIA) values ('118','Mora','1');
Insert into HAPPYPAWS.CANTON (IDCANTON,NOMBRE,IDPROVINCIA) values ('119','Goicoechea','1');
Insert into HAPPYPAWS.CANTON (IDCANTON,NOMBRE,IDPROVINCIA) values ('120','Santa Ana','1');
Insert into HAPPYPAWS.CANTON (IDCANTON,NOMBRE,IDPROVINCIA) values ('201','Alajuela','2');
Insert into HAPPYPAWS.CANTON (IDCANTON,NOMBRE,IDPROVINCIA) values ('202','San Carlos','2');
Insert into HAPPYPAWS.CANTON (IDCANTON,NOMBRE,IDPROVINCIA) values ('203','Zarcero','2');
Insert into HAPPYPAWS.CANTON (IDCANTON,NOMBRE,IDPROVINCIA) values ('204','Sarchí','2');
Insert into HAPPYPAWS.CANTON (IDCANTON,NOMBRE,IDPROVINCIA) values ('205','Upala','2');
Insert into HAPPYPAWS.CANTON (IDCANTON,NOMBRE,IDPROVINCIA) values ('206','Los Chiles','2');
Insert into HAPPYPAWS.CANTON (IDCANTON,NOMBRE,IDPROVINCIA) values ('207','Guatuso','2');
Insert into HAPPYPAWS.CANTON (IDCANTON,NOMBRE,IDPROVINCIA) values ('208','Río Cuarto','2');
Insert into HAPPYPAWS.CANTON (IDCANTON,NOMBRE,IDPROVINCIA) values ('209','San Ramón','2');
Insert into HAPPYPAWS.CANTON (IDCANTON,NOMBRE,IDPROVINCIA) values ('210','Grecia','2');
Insert into HAPPYPAWS.CANTON (IDCANTON,NOMBRE,IDPROVINCIA) values ('211','San Mateo','2');
Insert into HAPPYPAWS.CANTON (IDCANTON,NOMBRE,IDPROVINCIA) values ('212','Atenas','2');
Insert into HAPPYPAWS.CANTON (IDCANTON,NOMBRE,IDPROVINCIA) values ('213','Naranjo','2');
Insert into HAPPYPAWS.CANTON (IDCANTON,NOMBRE,IDPROVINCIA) values ('214','Palmares','2');
Insert into HAPPYPAWS.CANTON (IDCANTON,NOMBRE,IDPROVINCIA) values ('215','Poás','2');
Insert into HAPPYPAWS.CANTON (IDCANTON,NOMBRE,IDPROVINCIA) values ('216','Orotina','2');
Insert into HAPPYPAWS.CANTON (IDCANTON,NOMBRE,IDPROVINCIA) values ('301','Cartago','3');
Insert into HAPPYPAWS.CANTON (IDCANTON,NOMBRE,IDPROVINCIA) values ('302','Paraíso','3');
Insert into HAPPYPAWS.CANTON (IDCANTON,NOMBRE,IDPROVINCIA) values ('303','La Unión','3');
Insert into HAPPYPAWS.CANTON (IDCANTON,NOMBRE,IDPROVINCIA) values ('304','Jiménez','3');
Insert into HAPPYPAWS.CANTON (IDCANTON,NOMBRE,IDPROVINCIA) values ('305','Turrialba','3');
Insert into HAPPYPAWS.CANTON (IDCANTON,NOMBRE,IDPROVINCIA) values ('306','Alvarado','3');
Insert into HAPPYPAWS.CANTON (IDCANTON,NOMBRE,IDPROVINCIA) values ('307','Oreamuno','3');
Insert into HAPPYPAWS.CANTON (IDCANTON,NOMBRE,IDPROVINCIA) values ('308','El Guarco','3');
Insert into HAPPYPAWS.CANTON (IDCANTON,NOMBRE,IDPROVINCIA) values ('401','Heredia','4');
Insert into HAPPYPAWS.CANTON (IDCANTON,NOMBRE,IDPROVINCIA) values ('402','SARAPIQUI','4');
Insert into HAPPYPAWS.CANTON (IDCANTON,NOMBRE,IDPROVINCIA) values ('403','Barva','4');
Insert into HAPPYPAWS.CANTON (IDCANTON,NOMBRE,IDPROVINCIA) values ('404','Santo Domingo','4');
Insert into HAPPYPAWS.CANTON (IDCANTON,NOMBRE,IDPROVINCIA) values ('405','Santa Bárbara','4');
Insert into HAPPYPAWS.CANTON (IDCANTON,NOMBRE,IDPROVINCIA) values ('406','San Rafael','4');
Insert into HAPPYPAWS.CANTON (IDCANTON,NOMBRE,IDPROVINCIA) values ('407','San Isidro','4');
Insert into HAPPYPAWS.CANTON (IDCANTON,NOMBRE,IDPROVINCIA) values ('408','Belén','4');
Insert into HAPPYPAWS.CANTON (IDCANTON,NOMBRE,IDPROVINCIA) values ('409','Flores','4');
Insert into HAPPYPAWS.CANTON (IDCANTON,NOMBRE,IDPROVINCIA) values ('410','San Pablo','4');
Insert into HAPPYPAWS.CANTON (IDCANTON,NOMBRE,IDPROVINCIA) values ('501','Liberia','5');
Insert into HAPPYPAWS.CANTON (IDCANTON,NOMBRE,IDPROVINCIA) values ('502','La Cruz','5');
Insert into HAPPYPAWS.CANTON (IDCANTON,NOMBRE,IDPROVINCIA) values ('503','Hojancha','5');
Insert into HAPPYPAWS.CANTON (IDCANTON,NOMBRE,IDPROVINCIA) values ('504','Nicoya','5');
Insert into HAPPYPAWS.CANTON (IDCANTON,NOMBRE,IDPROVINCIA) values ('505','Santa Cruz','5');
Insert into HAPPYPAWS.CANTON (IDCANTON,NOMBRE,IDPROVINCIA) values ('506','Bagaces','5');
Insert into HAPPYPAWS.CANTON (IDCANTON,NOMBRE,IDPROVINCIA) values ('507','Carrillo','5');
Insert into HAPPYPAWS.CANTON (IDCANTON,NOMBRE,IDPROVINCIA) values ('508','Cañas','5');
Insert into HAPPYPAWS.CANTON (IDCANTON,NOMBRE,IDPROVINCIA) values ('509','Abangares','5');
Insert into HAPPYPAWS.CANTON (IDCANTON,NOMBRE,IDPROVINCIA) values ('510','Tilarán','5');
Insert into HAPPYPAWS.CANTON (IDCANTON,NOMBRE,IDPROVINCIA) values ('511','Nandayure','5');
Insert into HAPPYPAWS.CANTON (IDCANTON,NOMBRE,IDPROVINCIA) values ('601','Puntarenas','6');
Insert into HAPPYPAWS.CANTON (IDCANTON,NOMBRE,IDPROVINCIA) values ('602','Esparza','6');
Insert into HAPPYPAWS.CANTON (IDCANTON,NOMBRE,IDPROVINCIA) values ('603','Buenos Aires','6');
Insert into HAPPYPAWS.CANTON (IDCANTON,NOMBRE,IDPROVINCIA) values ('604','Osa','6');
Insert into HAPPYPAWS.CANTON (IDCANTON,NOMBRE,IDPROVINCIA) values ('605','Quepos','6');
Insert into HAPPYPAWS.CANTON (IDCANTON,NOMBRE,IDPROVINCIA) values ('606','Golfito','6');
Insert into HAPPYPAWS.CANTON (IDCANTON,NOMBRE,IDPROVINCIA) values ('607','Coto Brus','6');
Insert into HAPPYPAWS.CANTON (IDCANTON,NOMBRE,IDPROVINCIA) values ('608','Parrita','6');
Insert into HAPPYPAWS.CANTON (IDCANTON,NOMBRE,IDPROVINCIA) values ('609','Corredores','6');
Insert into HAPPYPAWS.CANTON (IDCANTON,NOMBRE,IDPROVINCIA) values ('610','Garabito','6');
Insert into HAPPYPAWS.CANTON (IDCANTON,NOMBRE,IDPROVINCIA) values ('611','Monteverde','6');
Insert into HAPPYPAWS.CANTON (IDCANTON,NOMBRE,IDPROVINCIA) values ('612','Puerto Jiménez','6');
Insert into HAPPYPAWS.CANTON (IDCANTON,NOMBRE,IDPROVINCIA) values ('701','Limón','7');
Insert into HAPPYPAWS.CANTON (IDCANTON,NOMBRE,IDPROVINCIA) values ('702','Pococí','7');
Insert into HAPPYPAWS.CANTON (IDCANTON,NOMBRE,IDPROVINCIA) values ('703','Siquirres','7');
Insert into HAPPYPAWS.CANTON (IDCANTON,NOMBRE,IDPROVINCIA) values ('704','Talamanca','7');
Insert into HAPPYPAWS.CANTON (IDCANTON,NOMBRE,IDPROVINCIA) values ('705','Matina','7');
Insert into HAPPYPAWS.CANTON (IDCANTON,NOMBRE,IDPROVINCIA) values ('706','Guácimo','7');
REM INSERTING into HAPPYPAWS.CARGO
SET DEFINE OFF;
Insert into HAPPYPAWS.CARGO (IDCARGO,CARGO) values ('1','Administrador');
Insert into HAPPYPAWS.CARGO (IDCARGO,CARGO) values ('2','Recepcionista');
Insert into HAPPYPAWS.CARGO (IDCARGO,CARGO) values ('3','Médico');
REM INSERTING into HAPPYPAWS.CITAS
SET DEFINE OFF;
Insert into HAPPYPAWS.CITAS (IDCITA,IDCLIENTE,IDMASCOTA,IDSERVICIO,FECHA,IDHORARIO,IDESTADO) values ('2','1','1','3',to_date('22/08/23','DD/MM/RR'),'1','2');
Insert into HAPPYPAWS.CITAS (IDCITA,IDCLIENTE,IDMASCOTA,IDSERVICIO,FECHA,IDHORARIO,IDESTADO) values ('3','1','2','1',to_date('31/08/23','DD/MM/RR'),'2','1');
Insert into HAPPYPAWS.CITAS (IDCITA,IDCLIENTE,IDMASCOTA,IDSERVICIO,FECHA,IDHORARIO,IDESTADO) values ('4','1','3','4',to_date('28/08/23','DD/MM/RR'),'5','1');
Insert into HAPPYPAWS.CITAS (IDCITA,IDCLIENTE,IDMASCOTA,IDSERVICIO,FECHA,IDHORARIO,IDESTADO) values ('5','1','4','1',to_date('04/09/23','DD/MM/RR'),'4','1');
Insert into HAPPYPAWS.CITAS (IDCITA,IDCLIENTE,IDMASCOTA,IDSERVICIO,FECHA,IDHORARIO,IDESTADO) values ('6','1','5','4',to_date('25/08/23','DD/MM/RR'),'4','1');
Insert into HAPPYPAWS.CITAS (IDCITA,IDCLIENTE,IDMASCOTA,IDSERVICIO,FECHA,IDHORARIO,IDESTADO) values ('7','1','1','1',to_date('22/08/23','DD/MM/RR'),'1','2');
Insert into HAPPYPAWS.CITAS (IDCITA,IDCLIENTE,IDMASCOTA,IDSERVICIO,FECHA,IDHORARIO,IDESTADO) values ('8','1','2','1',to_date('22/08/23','DD/MM/RR'),'4','2');
Insert into HAPPYPAWS.CITAS (IDCITA,IDCLIENTE,IDMASCOTA,IDSERVICIO,FECHA,IDHORARIO,IDESTADO) values ('9','2','6','1',to_date('22/08/23','DD/MM/RR'),'2','2');
Insert into HAPPYPAWS.CITAS (IDCITA,IDCLIENTE,IDMASCOTA,IDSERVICIO,FECHA,IDHORARIO,IDESTADO) values ('10','2','7','2',to_date('24/08/23','DD/MM/RR'),'3','3');
Insert into HAPPYPAWS.CITAS (IDCITA,IDCLIENTE,IDMASCOTA,IDSERVICIO,FECHA,IDHORARIO,IDESTADO) values ('11','2','8','3',to_date('24/08/23','DD/MM/RR'),'5','1');
Insert into HAPPYPAWS.CITAS (IDCITA,IDCLIENTE,IDMASCOTA,IDSERVICIO,FECHA,IDHORARIO,IDESTADO) values ('12','3','9','1',to_date('22/08/23','DD/MM/RR'),'3','2');
Insert into HAPPYPAWS.CITAS (IDCITA,IDCLIENTE,IDMASCOTA,IDSERVICIO,FECHA,IDHORARIO,IDESTADO) values ('13','3','9','2',to_date('22/08/23','DD/MM/RR'),'3','2');
Insert into HAPPYPAWS.CITAS (IDCITA,IDCLIENTE,IDMASCOTA,IDSERVICIO,FECHA,IDHORARIO,IDESTADO) values ('14','3','11','4',to_date('22/08/23','DD/MM/RR'),'3','2');
Insert into HAPPYPAWS.CITAS (IDCITA,IDCLIENTE,IDMASCOTA,IDSERVICIO,FECHA,IDHORARIO,IDESTADO) values ('15','4','12','2',to_date('23/08/23','DD/MM/RR'),'4','1');
Insert into HAPPYPAWS.CITAS (IDCITA,IDCLIENTE,IDMASCOTA,IDSERVICIO,FECHA,IDHORARIO,IDESTADO) values ('16','4','13','2',to_date('22/08/23','DD/MM/RR'),'1','2');
Insert into HAPPYPAWS.CITAS (IDCITA,IDCLIENTE,IDMASCOTA,IDSERVICIO,FECHA,IDHORARIO,IDESTADO) values ('17','4','14','4',to_date('24/08/23','DD/MM/RR'),'2','3');
Insert into HAPPYPAWS.CITAS (IDCITA,IDCLIENTE,IDMASCOTA,IDSERVICIO,FECHA,IDHORARIO,IDESTADO) values ('18','5','15','2',to_date('24/08/23','DD/MM/RR'),'4','1');
Insert into HAPPYPAWS.CITAS (IDCITA,IDCLIENTE,IDMASCOTA,IDSERVICIO,FECHA,IDHORARIO,IDESTADO) values ('19','5','16','3',to_date('22/08/23','DD/MM/RR'),'6','2');
Insert into HAPPYPAWS.CITAS (IDCITA,IDCLIENTE,IDMASCOTA,IDSERVICIO,FECHA,IDHORARIO,IDESTADO) values ('20','5','17','3',to_date('31/08/23','DD/MM/RR'),'5','1');
REM INSERTING into HAPPYPAWS.CLIENTE
SET DEFINE OFF;
Insert into HAPPYPAWS.CLIENTE (IDCLIENTE,NOMBRE,APELLIDO1,APELLIDO2,TELEFONO,IMAGEN,DOMICILIO,IDPROVINCIA,IDCANTON,IDDISTRITO,IDROL,CORREO,CONTRASENA) values ('1','Jorge','Hernández','Araya','60245117','7c62b90e2e77a68562e301db48ccbc76.jpg','200 metros sur del hotel Villas de la Colina','1','101','10101','3','jorge@email.com','$2y$10$EeR5YV6qbqeCwr6KyhPhs.9OE7iJU8AJSwWlx1PYmJWjxCibIZm5O');
Insert into HAPPYPAWS.CLIENTE (IDCLIENTE,NOMBRE,APELLIDO1,APELLIDO2,TELEFONO,IMAGEN,DOMICILIO,IDPROVINCIA,IDCANTON,IDDISTRITO,IDROL,CORREO,CONTRASENA) values ('2','Ana Laura','Mora','Soto','65432109','e762144327664d80aa08485d61ed9ff7.jpg','Calle del Sol, Apartamento 7A','1','101','10101','3','ana@email.com','$2y$10$UQQ0txeVobI7Amx/yZ.IBu5FiMNhGrJaWtRChgs6izzq.t5PyaBZ6');
Insert into HAPPYPAWS.CLIENTE (IDCLIENTE,NOMBRE,APELLIDO1,APELLIDO2,TELEFONO,IMAGEN,DOMICILIO,IDPROVINCIA,IDCANTON,IDDISTRITO,IDROL,CORREO,CONTRASENA) values ('3','Carlos','López','Chaves','87654321','cfb391f9fa4e6bda29ca7d3c39c7e5a4.jpg','Avenida Principal, Apartamento 12B','1','101','10101','3','carlos@email.com','$2y$10$QA5cdAUq4smlps/IG.oxw.xzkQQuvpfWscY.rHv9T65jM7.y4aVnm');
Insert into HAPPYPAWS.CLIENTE (IDCLIENTE,NOMBRE,APELLIDO1,APELLIDO2,TELEFONO,IMAGEN,DOMICILIO,IDPROVINCIA,IDCANTON,IDDISTRITO,IDROL,CORREO,CONTRASENA) values ('4','Pedro','Rodríguez','Méndez','12345678','bf0affc46bdf31af64d2bc170e8cfbf4.jpg','Calle 123, Casa #45','1','101','10101','3','pedro@email.com','$2y$10$ONrtbTU7yrWWCWAyPdqudO6hoxu8LNwGCvmU1Vy59GjChzW1Z/n/q');
Insert into HAPPYPAWS.CLIENTE (IDCLIENTE,NOMBRE,APELLIDO1,APELLIDO2,TELEFONO,IMAGEN,DOMICILIO,IDPROVINCIA,IDCANTON,IDDISTRITO,IDROL,CORREO,CONTRASENA) values ('5','María','Vargas','Cruz','23456789','9401d9199f70549d5b152ebcc68178c8.jpg','Avenida Central, Casa #56','1','101','10101','3','maria@email.com','$2y$10$RVhiqXM2w3xdomXrzVXXU.w31e7ZVZJxc7xpSlQME2PeOODE8OUOC');
REM INSERTING into HAPPYPAWS.COLABORADOR
SET DEFINE OFF;
Insert into HAPPYPAWS.COLABORADOR (IDCOLABORADOR,NOMBRE,APELLIDO1,APELLIDO2,IDCARGO,IDESPECIALIDAD,IMAGEN,IDROL,CORREO,CONTRASENA) values ('1','admin','admin','admin','1','5','2bec2643a2e49f487d6262bcf2bbb14a.jpg','1','admin@happypaws.com','$2y$10$TuO6Dyr3qF0tQtH0J0r/he6l40.wUOiea7bWXkK8cESCcPotlS7AS');
Insert into HAPPYPAWS.COLABORADOR (IDCOLABORADOR,NOMBRE,APELLIDO1,APELLIDO2,IDCARGO,IDESPECIALIDAD,IMAGEN,IDROL,CORREO,CONTRASENA) values ('2','Luis Carlos','Morales','Mena','3','1','4512cd38ce4ed7fbf944f817a9e28b68.jpg','2','juan.moreles@happypaws.com','$2y$10$TuO6Dyr3qF0tQtH0J0r/he6l40.wUOiea7bWXkK8cESCcPotlS7AS');
Insert into HAPPYPAWS.COLABORADOR (IDCOLABORADOR,NOMBRE,APELLIDO1,APELLIDO2,IDCARGO,IDESPECIALIDAD,IMAGEN,IDROL,CORREO,CONTRASENA) values ('3','Ana','Rodríguez','Moya','3','2','814bf8304eb6011bbf97fd94350b44fe.jpg','2','ana.rodriges@happypaws.com','$2y$10$AiN6qE07lOjAOYWfrF.us.y19Rl72k7i3ekA9K5rz/s2LrGzJzKjS');
Insert into HAPPYPAWS.COLABORADOR (IDCOLABORADOR,NOMBRE,APELLIDO1,APELLIDO2,IDCARGO,IDESPECIALIDAD,IMAGEN,IDROL,CORREO,CONTRASENA) values ('4','Elizabeth','Gómez','Roldan','1','4','296728b02f2db0822d8658b214172f01.jpg','2','elizabeth.gomez@happypaws.com','$2y$10$YK0opKbIEHSVEfKZ8FVCS.i3NzKVejkm27yATzyCiZ20FWOq25gd2');
Insert into HAPPYPAWS.COLABORADOR (IDCOLABORADOR,NOMBRE,APELLIDO1,APELLIDO2,IDCARGO,IDESPECIALIDAD,IMAGEN,IDROL,CORREO,CONTRASENA) values ('5','Sofia','Rojas','Quesada','3','3','fee34ecf2b12c6259162670efd678cd9.jpg','2','sofia.rojas@happypaws.com','$2y$10$Nm70ne8cNIbaOpkCx19Eju/8e.dxqQazxbRWH1JJMgzAoLSPOoQ1W');
REM INSERTING into HAPPYPAWS.COLABORADORSERVICIO
SET DEFINE OFF;
Insert into HAPPYPAWS.COLABORADORSERVICIO (IDSERVICIO,IDCOLABORADOR) values ('1','2');
Insert into HAPPYPAWS.COLABORADORSERVICIO (IDSERVICIO,IDCOLABORADOR) values ('2','3');
Insert into HAPPYPAWS.COLABORADORSERVICIO (IDSERVICIO,IDCOLABORADOR) values ('3','4');
Insert into HAPPYPAWS.COLABORADORSERVICIO (IDSERVICIO,IDCOLABORADOR) values ('4','5');
REM INSERTING into HAPPYPAWS.DISTRITO
SET DEFINE OFF;
Insert into HAPPYPAWS.DISTRITO (IDDISTRITO,NOMBRE,IDCANTON) values ('10101','Carmen','101');
Insert into HAPPYPAWS.DISTRITO (IDDISTRITO,NOMBRE,IDCANTON) values ('10102','Merced','101');
Insert into HAPPYPAWS.DISTRITO (IDDISTRITO,NOMBRE,IDCANTON) values ('10103','Hospital','101');
Insert into HAPPYPAWS.DISTRITO (IDDISTRITO,NOMBRE,IDCANTON) values ('10104','Catedral','101');
Insert into HAPPYPAWS.DISTRITO (IDDISTRITO,NOMBRE,IDCANTON) values ('10105','Zapote','101');
Insert into HAPPYPAWS.DISTRITO (IDDISTRITO,NOMBRE,IDCANTON) values ('10106','San Francisco de Dos Ríos','101');
Insert into HAPPYPAWS.DISTRITO (IDDISTRITO,NOMBRE,IDCANTON) values ('10107','Uruca','101');
Insert into HAPPYPAWS.DISTRITO (IDDISTRITO,NOMBRE,IDCANTON) values ('10108','Mata Redonda','101');
Insert into HAPPYPAWS.DISTRITO (IDDISTRITO,NOMBRE,IDCANTON) values ('10109','Pavas','101');
Insert into HAPPYPAWS.DISTRITO (IDDISTRITO,NOMBRE,IDCANTON) values ('10110','Hatillo','101');
Insert into HAPPYPAWS.DISTRITO (IDDISTRITO,NOMBRE,IDCANTON) values ('10111','San Sebastián','101');
Insert into HAPPYPAWS.DISTRITO (IDDISTRITO,NOMBRE,IDCANTON) values ('10201','Escazú','102');
Insert into HAPPYPAWS.DISTRITO (IDDISTRITO,NOMBRE,IDCANTON) values ('10202','San Antonio','102');
Insert into HAPPYPAWS.DISTRITO (IDDISTRITO,NOMBRE,IDCANTON) values ('10203','San Rafael','102');
Insert into HAPPYPAWS.DISTRITO (IDDISTRITO,NOMBRE,IDCANTON) values ('10301','Desamparados','103');
Insert into HAPPYPAWS.DISTRITO (IDDISTRITO,NOMBRE,IDCANTON) values ('10302','San Miguel','103');
Insert into HAPPYPAWS.DISTRITO (IDDISTRITO,NOMBRE,IDCANTON) values ('10303','San Juan de Dios','103');
Insert into HAPPYPAWS.DISTRITO (IDDISTRITO,NOMBRE,IDCANTON) values ('10304','San Rafael Arriba','103');
Insert into HAPPYPAWS.DISTRITO (IDDISTRITO,NOMBRE,IDCANTON) values ('10305','San Antonio','103');
Insert into HAPPYPAWS.DISTRITO (IDDISTRITO,NOMBRE,IDCANTON) values ('10306','Frailes','103');
Insert into HAPPYPAWS.DISTRITO (IDDISTRITO,NOMBRE,IDCANTON) values ('10307','Patarrá','103');
Insert into HAPPYPAWS.DISTRITO (IDDISTRITO,NOMBRE,IDCANTON) values ('10308','San Cristóbal','103');
Insert into HAPPYPAWS.DISTRITO (IDDISTRITO,NOMBRE,IDCANTON) values ('10309','Rosario','103');
Insert into HAPPYPAWS.DISTRITO (IDDISTRITO,NOMBRE,IDCANTON) values ('10310','Damas','103');
Insert into HAPPYPAWS.DISTRITO (IDDISTRITO,NOMBRE,IDCANTON) values ('10311','San Rafael Abajo','103');
Insert into HAPPYPAWS.DISTRITO (IDDISTRITO,NOMBRE,IDCANTON) values ('10312','Gravilias','103');
Insert into HAPPYPAWS.DISTRITO (IDDISTRITO,NOMBRE,IDCANTON) values ('10313','Los Guido','103');
Insert into HAPPYPAWS.DISTRITO (IDDISTRITO,NOMBRE,IDCANTON) values ('10401','Santiago','104');
Insert into HAPPYPAWS.DISTRITO (IDDISTRITO,NOMBRE,IDCANTON) values ('10402','Mercedes Sur','104');
Insert into HAPPYPAWS.DISTRITO (IDDISTRITO,NOMBRE,IDCANTON) values ('10403','Barbacoas','104');
Insert into HAPPYPAWS.DISTRITO (IDDISTRITO,NOMBRE,IDCANTON) values ('10404','Grifo Alto','104');
Insert into HAPPYPAWS.DISTRITO (IDDISTRITO,NOMBRE,IDCANTON) values ('10405','San Rafael','104');
Insert into HAPPYPAWS.DISTRITO (IDDISTRITO,NOMBRE,IDCANTON) values ('10406','Candelarita','104');
Insert into HAPPYPAWS.DISTRITO (IDDISTRITO,NOMBRE,IDCANTON) values ('10407','Desamparaditos','104');
Insert into HAPPYPAWS.DISTRITO (IDDISTRITO,NOMBRE,IDCANTON) values ('10408','San Antonio','104');
Insert into HAPPYPAWS.DISTRITO (IDDISTRITO,NOMBRE,IDCANTON) values ('10409','Chires','104');
Insert into HAPPYPAWS.DISTRITO (IDDISTRITO,NOMBRE,IDCANTON) values ('10501','San Marcos','105');
Insert into HAPPYPAWS.DISTRITO (IDDISTRITO,NOMBRE,IDCANTON) values ('10502','San Lorenzo','105');
Insert into HAPPYPAWS.DISTRITO (IDDISTRITO,NOMBRE,IDCANTON) values ('10503','San Carlos','105');
Insert into HAPPYPAWS.DISTRITO (IDDISTRITO,NOMBRE,IDCANTON) values ('10601','Aserrí','106');
Insert into HAPPYPAWS.DISTRITO (IDDISTRITO,NOMBRE,IDCANTON) values ('10602','Tarbaca','106');
Insert into HAPPYPAWS.DISTRITO (IDDISTRITO,NOMBRE,IDCANTON) values ('10603','Vuelta de Jorco','106');
Insert into HAPPYPAWS.DISTRITO (IDDISTRITO,NOMBRE,IDCANTON) values ('10604','San Gabriel','106');
Insert into HAPPYPAWS.DISTRITO (IDDISTRITO,NOMBRE,IDCANTON) values ('10605','Legua','106');
Insert into HAPPYPAWS.DISTRITO (IDDISTRITO,NOMBRE,IDCANTON) values ('10606','Monterrey','106');
Insert into HAPPYPAWS.DISTRITO (IDDISTRITO,NOMBRE,IDCANTON) values ('10607','Salitrillos','106');
Insert into HAPPYPAWS.DISTRITO (IDDISTRITO,NOMBRE,IDCANTON) values ('10701','Colón','107');
Insert into HAPPYPAWS.DISTRITO (IDDISTRITO,NOMBRE,IDCANTON) values ('10702','Guayabo','107');
Insert into HAPPYPAWS.DISTRITO (IDDISTRITO,NOMBRE,IDCANTON) values ('10703','Tabarcia','107');
Insert into HAPPYPAWS.DISTRITO (IDDISTRITO,NOMBRE,IDCANTON) values ('10704','Piedras Negras','107');
Insert into HAPPYPAWS.DISTRITO (IDDISTRITO,NOMBRE,IDCANTON) values ('10705','Picagres','107');
Insert into HAPPYPAWS.DISTRITO (IDDISTRITO,NOMBRE,IDCANTON) values ('10706','Jaris','107');
Insert into HAPPYPAWS.DISTRITO (IDDISTRITO,NOMBRE,IDCANTON) values ('10707','Quitirrisí','107');
Insert into HAPPYPAWS.DISTRITO (IDDISTRITO,NOMBRE,IDCANTON) values ('10801','Guadalupe','108');
Insert into HAPPYPAWS.DISTRITO (IDDISTRITO,NOMBRE,IDCANTON) values ('10802','San Francisco','108');
Insert into HAPPYPAWS.DISTRITO (IDDISTRITO,NOMBRE,IDCANTON) values ('10803','Calle Blancos','108');
Insert into HAPPYPAWS.DISTRITO (IDDISTRITO,NOMBRE,IDCANTON) values ('10804','Mata de Plátano','108');
Insert into HAPPYPAWS.DISTRITO (IDDISTRITO,NOMBRE,IDCANTON) values ('10805','Ipís','108');
Insert into HAPPYPAWS.DISTRITO (IDDISTRITO,NOMBRE,IDCANTON) values ('10806','Rancho Redondo','108');
Insert into HAPPYPAWS.DISTRITO (IDDISTRITO,NOMBRE,IDCANTON) values ('10807','Purral','108');
Insert into HAPPYPAWS.DISTRITO (IDDISTRITO,NOMBRE,IDCANTON) values ('10901','Santa Ana','109');
Insert into HAPPYPAWS.DISTRITO (IDDISTRITO,NOMBRE,IDCANTON) values ('10902','Salitral','109');
Insert into HAPPYPAWS.DISTRITO (IDDISTRITO,NOMBRE,IDCANTON) values ('10903','Pozos','109');
Insert into HAPPYPAWS.DISTRITO (IDDISTRITO,NOMBRE,IDCANTON) values ('10904','Uruca','109');
Insert into HAPPYPAWS.DISTRITO (IDDISTRITO,NOMBRE,IDCANTON) values ('10905','Piedades','109');
Insert into HAPPYPAWS.DISTRITO (IDDISTRITO,NOMBRE,IDCANTON) values ('10906','Brasil','109');
Insert into HAPPYPAWS.DISTRITO (IDDISTRITO,NOMBRE,IDCANTON) values ('11001','Alajuelita','110');
Insert into HAPPYPAWS.DISTRITO (IDDISTRITO,NOMBRE,IDCANTON) values ('11002','San Josecito','110');
Insert into HAPPYPAWS.DISTRITO (IDDISTRITO,NOMBRE,IDCANTON) values ('11003','San Antonio','110');
Insert into HAPPYPAWS.DISTRITO (IDDISTRITO,NOMBRE,IDCANTON) values ('11004','Concepción','110');
Insert into HAPPYPAWS.DISTRITO (IDDISTRITO,NOMBRE,IDCANTON) values ('11005','San Felipe','110');
Insert into HAPPYPAWS.DISTRITO (IDDISTRITO,NOMBRE,IDCANTON) values ('11101','San Isidro','111');
Insert into HAPPYPAWS.DISTRITO (IDDISTRITO,NOMBRE,IDCANTON) values ('11102','San Rafael','111');
Insert into HAPPYPAWS.DISTRITO (IDDISTRITO,NOMBRE,IDCANTON) values ('11103','Dulce Nombre de Jesús','111');
Insert into HAPPYPAWS.DISTRITO (IDDISTRITO,NOMBRE,IDCANTON) values ('11104','Patalillo','111');
Insert into HAPPYPAWS.DISTRITO (IDDISTRITO,NOMBRE,IDCANTON) values ('11105','Cascajal','111');
Insert into HAPPYPAWS.DISTRITO (IDDISTRITO,NOMBRE,IDCANTON) values ('11201','San Ignacio','112');
Insert into HAPPYPAWS.DISTRITO (IDDISTRITO,NOMBRE,IDCANTON) values ('11202','Guaitil','112');
Insert into HAPPYPAWS.DISTRITO (IDDISTRITO,NOMBRE,IDCANTON) values ('11203','Palmichal','112');
Insert into HAPPYPAWS.DISTRITO (IDDISTRITO,NOMBRE,IDCANTON) values ('11204','Cangrejal','112');
Insert into HAPPYPAWS.DISTRITO (IDDISTRITO,NOMBRE,IDCANTON) values ('11205','Sabanillas','112');
Insert into HAPPYPAWS.DISTRITO (IDDISTRITO,NOMBRE,IDCANTON) values ('11301','San Juan','113');
Insert into HAPPYPAWS.DISTRITO (IDDISTRITO,NOMBRE,IDCANTON) values ('11302','Cinco Esquinas','113');
Insert into HAPPYPAWS.DISTRITO (IDDISTRITO,NOMBRE,IDCANTON) values ('11303','Anselmo Llorente','113');
Insert into HAPPYPAWS.DISTRITO (IDDISTRITO,NOMBRE,IDCANTON) values ('11304','León XIII','113');
Insert into HAPPYPAWS.DISTRITO (IDDISTRITO,NOMBRE,IDCANTON) values ('11305','Colima','113');
Insert into HAPPYPAWS.DISTRITO (IDDISTRITO,NOMBRE,IDCANTON) values ('11401','San Vicente','114');
Insert into HAPPYPAWS.DISTRITO (IDDISTRITO,NOMBRE,IDCANTON) values ('11402','San Jerónimo','114');
Insert into HAPPYPAWS.DISTRITO (IDDISTRITO,NOMBRE,IDCANTON) values ('11403','La Trinidad','114');
Insert into HAPPYPAWS.DISTRITO (IDDISTRITO,NOMBRE,IDCANTON) values ('11501','San Pedro','115');
Insert into HAPPYPAWS.DISTRITO (IDDISTRITO,NOMBRE,IDCANTON) values ('11502','Sabanilla','115');
Insert into HAPPYPAWS.DISTRITO (IDDISTRITO,NOMBRE,IDCANTON) values ('11503','Mercedes','115');
Insert into HAPPYPAWS.DISTRITO (IDDISTRITO,NOMBRE,IDCANTON) values ('11504','San Rafael','115');
Insert into HAPPYPAWS.DISTRITO (IDDISTRITO,NOMBRE,IDCANTON) values ('11601','San Pablo','116');
Insert into HAPPYPAWS.DISTRITO (IDDISTRITO,NOMBRE,IDCANTON) values ('11602','San Pedro','116');
Insert into HAPPYPAWS.DISTRITO (IDDISTRITO,NOMBRE,IDCANTON) values ('11603','San Juan de Mata','116');
Insert into HAPPYPAWS.DISTRITO (IDDISTRITO,NOMBRE,IDCANTON) values ('11604','San Luis','116');
Insert into HAPPYPAWS.DISTRITO (IDDISTRITO,NOMBRE,IDCANTON) values ('11605','Carara','116');
Insert into HAPPYPAWS.DISTRITO (IDDISTRITO,NOMBRE,IDCANTON) values ('11701','Santa María','117');
Insert into HAPPYPAWS.DISTRITO (IDDISTRITO,NOMBRE,IDCANTON) values ('11702','Jardín','117');
Insert into HAPPYPAWS.DISTRITO (IDDISTRITO,NOMBRE,IDCANTON) values ('11703','Copey','117');
Insert into HAPPYPAWS.DISTRITO (IDDISTRITO,NOMBRE,IDCANTON) values ('11801','Curridabat','118');
Insert into HAPPYPAWS.DISTRITO (IDDISTRITO,NOMBRE,IDCANTON) values ('11802','Granadilla','118');
Insert into HAPPYPAWS.DISTRITO (IDDISTRITO,NOMBRE,IDCANTON) values ('11803','Sánchez','118');
Insert into HAPPYPAWS.DISTRITO (IDDISTRITO,NOMBRE,IDCANTON) values ('11804','Tirrases','118');
Insert into HAPPYPAWS.DISTRITO (IDDISTRITO,NOMBRE,IDCANTON) values ('11901','San Isidro de El General','119');
Insert into HAPPYPAWS.DISTRITO (IDDISTRITO,NOMBRE,IDCANTON) values ('11902','El General','119');
Insert into HAPPYPAWS.DISTRITO (IDDISTRITO,NOMBRE,IDCANTON) values ('11903','Daniel Flores','119');
Insert into HAPPYPAWS.DISTRITO (IDDISTRITO,NOMBRE,IDCANTON) values ('11904','Rivas','119');
Insert into HAPPYPAWS.DISTRITO (IDDISTRITO,NOMBRE,IDCANTON) values ('11905','San Pedro','119');
Insert into HAPPYPAWS.DISTRITO (IDDISTRITO,NOMBRE,IDCANTON) values ('11906','Platanares','119');
Insert into HAPPYPAWS.DISTRITO (IDDISTRITO,NOMBRE,IDCANTON) values ('11907','Pejibaye','119');
Insert into HAPPYPAWS.DISTRITO (IDDISTRITO,NOMBRE,IDCANTON) values ('11908','Cajón','119');
Insert into HAPPYPAWS.DISTRITO (IDDISTRITO,NOMBRE,IDCANTON) values ('11909','Barú','119');
Insert into HAPPYPAWS.DISTRITO (IDDISTRITO,NOMBRE,IDCANTON) values ('11910','Río Nuevo','119');
Insert into HAPPYPAWS.DISTRITO (IDDISTRITO,NOMBRE,IDCANTON) values ('11911','Páramo','119');
Insert into HAPPYPAWS.DISTRITO (IDDISTRITO,NOMBRE,IDCANTON) values ('11912','La Amistad','119');
Insert into HAPPYPAWS.DISTRITO (IDDISTRITO,NOMBRE,IDCANTON) values ('12001','San Pablo','120');
Insert into HAPPYPAWS.DISTRITO (IDDISTRITO,NOMBRE,IDCANTON) values ('12002','San Andrés','120');
Insert into HAPPYPAWS.DISTRITO (IDDISTRITO,NOMBRE,IDCANTON) values ('12003','Llano Bonito','120');
Insert into HAPPYPAWS.DISTRITO (IDDISTRITO,NOMBRE,IDCANTON) values ('12004','San Isidro','120');
Insert into HAPPYPAWS.DISTRITO (IDDISTRITO,NOMBRE,IDCANTON) values ('12005','Santa Cruz','120');
Insert into HAPPYPAWS.DISTRITO (IDDISTRITO,NOMBRE,IDCANTON) values ('12006','San Antonio','120');
Insert into HAPPYPAWS.DISTRITO (IDDISTRITO,NOMBRE,IDCANTON) values ('20101','Alajuela','201');
Insert into HAPPYPAWS.DISTRITO (IDDISTRITO,NOMBRE,IDCANTON) values ('20102','San José','201');
Insert into HAPPYPAWS.DISTRITO (IDDISTRITO,NOMBRE,IDCANTON) values ('20103','Carrizal','201');
Insert into HAPPYPAWS.DISTRITO (IDDISTRITO,NOMBRE,IDCANTON) values ('20104','San Antonio','201');
Insert into HAPPYPAWS.DISTRITO (IDDISTRITO,NOMBRE,IDCANTON) values ('20105','Guácima','201');
Insert into HAPPYPAWS.DISTRITO (IDDISTRITO,NOMBRE,IDCANTON) values ('20106','San Isidro','201');
Insert into HAPPYPAWS.DISTRITO (IDDISTRITO,NOMBRE,IDCANTON) values ('20107','Sabanilla','201');
Insert into HAPPYPAWS.DISTRITO (IDDISTRITO,NOMBRE,IDCANTON) values ('20108','San Rafael','201');
Insert into HAPPYPAWS.DISTRITO (IDDISTRITO,NOMBRE,IDCANTON) values ('20109','Río Segundo','201');
Insert into HAPPYPAWS.DISTRITO (IDDISTRITO,NOMBRE,IDCANTON) values ('20110','Desamparados','201');
Insert into HAPPYPAWS.DISTRITO (IDDISTRITO,NOMBRE,IDCANTON) values ('20111','Turrúcares','201');
Insert into HAPPYPAWS.DISTRITO (IDDISTRITO,NOMBRE,IDCANTON) values ('20112','Tambor','201');
Insert into HAPPYPAWS.DISTRITO (IDDISTRITO,NOMBRE,IDCANTON) values ('20113','Garita','201');
Insert into HAPPYPAWS.DISTRITO (IDDISTRITO,NOMBRE,IDCANTON) values ('20114','Sarapiquí','201');
Insert into HAPPYPAWS.DISTRITO (IDDISTRITO,NOMBRE,IDCANTON) values ('20201','San Ramón','202');
Insert into HAPPYPAWS.DISTRITO (IDDISTRITO,NOMBRE,IDCANTON) values ('20202','Santiago','202');
Insert into HAPPYPAWS.DISTRITO (IDDISTRITO,NOMBRE,IDCANTON) values ('20203','San Juan','202');
Insert into HAPPYPAWS.DISTRITO (IDDISTRITO,NOMBRE,IDCANTON) values ('20204','Piedades Norte','202');
Insert into HAPPYPAWS.DISTRITO (IDDISTRITO,NOMBRE,IDCANTON) values ('20205','Piedades Sur','202');
Insert into HAPPYPAWS.DISTRITO (IDDISTRITO,NOMBRE,IDCANTON) values ('20206','San Rafael','202');
Insert into HAPPYPAWS.DISTRITO (IDDISTRITO,NOMBRE,IDCANTON) values ('20207','San Isidro','202');
Insert into HAPPYPAWS.DISTRITO (IDDISTRITO,NOMBRE,IDCANTON) values ('20208','Ángeles','202');
Insert into HAPPYPAWS.DISTRITO (IDDISTRITO,NOMBRE,IDCANTON) values ('20209','Alfaro','202');
Insert into HAPPYPAWS.DISTRITO (IDDISTRITO,NOMBRE,IDCANTON) values ('20210','Volio','202');
Insert into HAPPYPAWS.DISTRITO (IDDISTRITO,NOMBRE,IDCANTON) values ('20211','Concepción','202');
Insert into HAPPYPAWS.DISTRITO (IDDISTRITO,NOMBRE,IDCANTON) values ('20212','Zapotal','202');
Insert into HAPPYPAWS.DISTRITO (IDDISTRITO,NOMBRE,IDCANTON) values ('20213','Peñas Blancas','202');
Insert into HAPPYPAWS.DISTRITO (IDDISTRITO,NOMBRE,IDCANTON) values ('20214','San Lorenzo','202');
Insert into HAPPYPAWS.DISTRITO (IDDISTRITO,NOMBRE,IDCANTON) values ('20301','Grecia','203');
Insert into HAPPYPAWS.DISTRITO (IDDISTRITO,NOMBRE,IDCANTON) values ('20302','San Isidro','203');
Insert into HAPPYPAWS.DISTRITO (IDDISTRITO,NOMBRE,IDCANTON) values ('20303','San José','203');
Insert into HAPPYPAWS.DISTRITO (IDDISTRITO,NOMBRE,IDCANTON) values ('20304','San Roque','203');
Insert into HAPPYPAWS.DISTRITO (IDDISTRITO,NOMBRE,IDCANTON) values ('20305','Tacares','203');
Insert into HAPPYPAWS.DISTRITO (IDDISTRITO,NOMBRE,IDCANTON) values ('20307','Puente de Piedra','203');
Insert into HAPPYPAWS.DISTRITO (IDDISTRITO,NOMBRE,IDCANTON) values ('20308','Bolívar','203');
Insert into HAPPYPAWS.DISTRITO (IDDISTRITO,NOMBRE,IDCANTON) values ('20401','San Mateo','204');
Insert into HAPPYPAWS.DISTRITO (IDDISTRITO,NOMBRE,IDCANTON) values ('20402','Desmonte','204');
Insert into HAPPYPAWS.DISTRITO (IDDISTRITO,NOMBRE,IDCANTON) values ('20403','Jesús María','204');
Insert into HAPPYPAWS.DISTRITO (IDDISTRITO,NOMBRE,IDCANTON) values ('20404','Labrador','204');
Insert into HAPPYPAWS.DISTRITO (IDDISTRITO,NOMBRE,IDCANTON) values ('20501','Atenas','205');
Insert into HAPPYPAWS.DISTRITO (IDDISTRITO,NOMBRE,IDCANTON) values ('20502','Jesús','205');
Insert into HAPPYPAWS.DISTRITO (IDDISTRITO,NOMBRE,IDCANTON) values ('20503','Mercedes','205');
Insert into HAPPYPAWS.DISTRITO (IDDISTRITO,NOMBRE,IDCANTON) values ('20504','San Isidro','205');
Insert into HAPPYPAWS.DISTRITO (IDDISTRITO,NOMBRE,IDCANTON) values ('20505','Concepción','205');
Insert into HAPPYPAWS.DISTRITO (IDDISTRITO,NOMBRE,IDCANTON) values ('20506','San José','205');
Insert into HAPPYPAWS.DISTRITO (IDDISTRITO,NOMBRE,IDCANTON) values ('20507','Santa Eulalia','205');
Insert into HAPPYPAWS.DISTRITO (IDDISTRITO,NOMBRE,IDCANTON) values ('20508','Escobal','205');
Insert into HAPPYPAWS.DISTRITO (IDDISTRITO,NOMBRE,IDCANTON) values ('20601','Naranjo','206');
Insert into HAPPYPAWS.DISTRITO (IDDISTRITO,NOMBRE,IDCANTON) values ('20602','San Miguel','206');
Insert into HAPPYPAWS.DISTRITO (IDDISTRITO,NOMBRE,IDCANTON) values ('20603','San José','206');
Insert into HAPPYPAWS.DISTRITO (IDDISTRITO,NOMBRE,IDCANTON) values ('20604','Cirrí Sur','206');
Insert into HAPPYPAWS.DISTRITO (IDDISTRITO,NOMBRE,IDCANTON) values ('20605','San Jerónimo','206');
Insert into HAPPYPAWS.DISTRITO (IDDISTRITO,NOMBRE,IDCANTON) values ('20606','San Juan','206');
Insert into HAPPYPAWS.DISTRITO (IDDISTRITO,NOMBRE,IDCANTON) values ('20607','El Rosario','206');
Insert into HAPPYPAWS.DISTRITO (IDDISTRITO,NOMBRE,IDCANTON) values ('20608','Palmitos','206');
Insert into HAPPYPAWS.DISTRITO (IDDISTRITO,NOMBRE,IDCANTON) values ('20701','Palmares','207');
Insert into HAPPYPAWS.DISTRITO (IDDISTRITO,NOMBRE,IDCANTON) values ('20702','Zaragoza','207');
Insert into HAPPYPAWS.DISTRITO (IDDISTRITO,NOMBRE,IDCANTON) values ('20703','Buenos Aires','207');
Insert into HAPPYPAWS.DISTRITO (IDDISTRITO,NOMBRE,IDCANTON) values ('20704','Santiago','207');
Insert into HAPPYPAWS.DISTRITO (IDDISTRITO,NOMBRE,IDCANTON) values ('20705','Candelaria','207');
Insert into HAPPYPAWS.DISTRITO (IDDISTRITO,NOMBRE,IDCANTON) values ('20706','Esquipulas','207');
Insert into HAPPYPAWS.DISTRITO (IDDISTRITO,NOMBRE,IDCANTON) values ('20707','La Granja','207');
Insert into HAPPYPAWS.DISTRITO (IDDISTRITO,NOMBRE,IDCANTON) values ('20801','San Pedro','208');
Insert into HAPPYPAWS.DISTRITO (IDDISTRITO,NOMBRE,IDCANTON) values ('20802','San Juan','208');
Insert into HAPPYPAWS.DISTRITO (IDDISTRITO,NOMBRE,IDCANTON) values ('20803','San Rafael','208');
Insert into HAPPYPAWS.DISTRITO (IDDISTRITO,NOMBRE,IDCANTON) values ('20804','Carrillos','208');
Insert into HAPPYPAWS.DISTRITO (IDDISTRITO,NOMBRE,IDCANTON) values ('20805','Sabana Redonda','208');
Insert into HAPPYPAWS.DISTRITO (IDDISTRITO,NOMBRE,IDCANTON) values ('20901','Orotina','209');
Insert into HAPPYPAWS.DISTRITO (IDDISTRITO,NOMBRE,IDCANTON) values ('20902','El Mastate','209');
Insert into HAPPYPAWS.DISTRITO (IDDISTRITO,NOMBRE,IDCANTON) values ('20903','Hacienda Vieja','209');
Insert into HAPPYPAWS.DISTRITO (IDDISTRITO,NOMBRE,IDCANTON) values ('20904','Coyolar','209');
Insert into HAPPYPAWS.DISTRITO (IDDISTRITO,NOMBRE,IDCANTON) values ('20905','La Ceiba','209');
Insert into HAPPYPAWS.DISTRITO (IDDISTRITO,NOMBRE,IDCANTON) values ('21001','Quesada','210');
Insert into HAPPYPAWS.DISTRITO (IDDISTRITO,NOMBRE,IDCANTON) values ('21002','Florencia','210');
Insert into HAPPYPAWS.DISTRITO (IDDISTRITO,NOMBRE,IDCANTON) values ('21003','Buenavista','210');
Insert into HAPPYPAWS.DISTRITO (IDDISTRITO,NOMBRE,IDCANTON) values ('21004','Aguas Zarcas','210');
Insert into HAPPYPAWS.DISTRITO (IDDISTRITO,NOMBRE,IDCANTON) values ('21005','Venecia','210');
Insert into HAPPYPAWS.DISTRITO (IDDISTRITO,NOMBRE,IDCANTON) values ('21006','Pital','210');
Insert into HAPPYPAWS.DISTRITO (IDDISTRITO,NOMBRE,IDCANTON) values ('21007','La Fortuna','210');
Insert into HAPPYPAWS.DISTRITO (IDDISTRITO,NOMBRE,IDCANTON) values ('21008','La Tigra','210');
Insert into HAPPYPAWS.DISTRITO (IDDISTRITO,NOMBRE,IDCANTON) values ('21009','La Palmera','210');
Insert into HAPPYPAWS.DISTRITO (IDDISTRITO,NOMBRE,IDCANTON) values ('21010','Venado','210');
Insert into HAPPYPAWS.DISTRITO (IDDISTRITO,NOMBRE,IDCANTON) values ('21011','Cutris','210');
Insert into HAPPYPAWS.DISTRITO (IDDISTRITO,NOMBRE,IDCANTON) values ('21012','Monterrey','210');
Insert into HAPPYPAWS.DISTRITO (IDDISTRITO,NOMBRE,IDCANTON) values ('21013','Pocosol','210');
Insert into HAPPYPAWS.DISTRITO (IDDISTRITO,NOMBRE,IDCANTON) values ('21101','Zarcero','211');
Insert into HAPPYPAWS.DISTRITO (IDDISTRITO,NOMBRE,IDCANTON) values ('21102','Laguna','211');
Insert into HAPPYPAWS.DISTRITO (IDDISTRITO,NOMBRE,IDCANTON) values ('21103','Tapesco','211');
Insert into HAPPYPAWS.DISTRITO (IDDISTRITO,NOMBRE,IDCANTON) values ('21104','Guadalupe','211');
Insert into HAPPYPAWS.DISTRITO (IDDISTRITO,NOMBRE,IDCANTON) values ('21105','Palmira','211');
Insert into HAPPYPAWS.DISTRITO (IDDISTRITO,NOMBRE,IDCANTON) values ('21106','Zapote','211');
Insert into HAPPYPAWS.DISTRITO (IDDISTRITO,NOMBRE,IDCANTON) values ('21107','Brisas','211');
Insert into HAPPYPAWS.DISTRITO (IDDISTRITO,NOMBRE,IDCANTON) values ('21201','Sarchí Norte','212');
Insert into HAPPYPAWS.DISTRITO (IDDISTRITO,NOMBRE,IDCANTON) values ('21202','Sarchí Sur','212');
Insert into HAPPYPAWS.DISTRITO (IDDISTRITO,NOMBRE,IDCANTON) values ('21203','Toro Amarillo','212');
Insert into HAPPYPAWS.DISTRITO (IDDISTRITO,NOMBRE,IDCANTON) values ('21204','San Pedro','212');
Insert into HAPPYPAWS.DISTRITO (IDDISTRITO,NOMBRE,IDCANTON) values ('21205','Rodríguez','212');
Insert into HAPPYPAWS.DISTRITO (IDDISTRITO,NOMBRE,IDCANTON) values ('21301','Upala','213');
Insert into HAPPYPAWS.DISTRITO (IDDISTRITO,NOMBRE,IDCANTON) values ('21302','Aguas Claras','213');
Insert into HAPPYPAWS.DISTRITO (IDDISTRITO,NOMBRE,IDCANTON) values ('21303','San José','213');
Insert into HAPPYPAWS.DISTRITO (IDDISTRITO,NOMBRE,IDCANTON) values ('21304','Bijagua','213');
Insert into HAPPYPAWS.DISTRITO (IDDISTRITO,NOMBRE,IDCANTON) values ('21305','Delicias','213');
Insert into HAPPYPAWS.DISTRITO (IDDISTRITO,NOMBRE,IDCANTON) values ('21306','Dos Ríos','213');
Insert into HAPPYPAWS.DISTRITO (IDDISTRITO,NOMBRE,IDCANTON) values ('21307','Yolillal','213');
Insert into HAPPYPAWS.DISTRITO (IDDISTRITO,NOMBRE,IDCANTON) values ('21308','Canalete','213');
Insert into HAPPYPAWS.DISTRITO (IDDISTRITO,NOMBRE,IDCANTON) values ('21401','Los Chiles','214');
Insert into HAPPYPAWS.DISTRITO (IDDISTRITO,NOMBRE,IDCANTON) values ('21402','Caño Negro','214');
Insert into HAPPYPAWS.DISTRITO (IDDISTRITO,NOMBRE,IDCANTON) values ('21403','El Amparo','214');
Insert into HAPPYPAWS.DISTRITO (IDDISTRITO,NOMBRE,IDCANTON) values ('21404','San Jorge','214');
Insert into HAPPYPAWS.DISTRITO (IDDISTRITO,NOMBRE,IDCANTON) values ('21501','San Rafael','215');
Insert into HAPPYPAWS.DISTRITO (IDDISTRITO,NOMBRE,IDCANTON) values ('21502','Buenavista','215');
Insert into HAPPYPAWS.DISTRITO (IDDISTRITO,NOMBRE,IDCANTON) values ('21503','Cote','215');
Insert into HAPPYPAWS.DISTRITO (IDDISTRITO,NOMBRE,IDCANTON) values ('21504','Katira','215');
Insert into HAPPYPAWS.DISTRITO (IDDISTRITO,NOMBRE,IDCANTON) values ('21601','Río Cuarto','216');
Insert into HAPPYPAWS.DISTRITO (IDDISTRITO,NOMBRE,IDCANTON) values ('21602','Santa Rita','216');
Insert into HAPPYPAWS.DISTRITO (IDDISTRITO,NOMBRE,IDCANTON) values ('21603','Santa Isabel','216');
Insert into HAPPYPAWS.DISTRITO (IDDISTRITO,NOMBRE,IDCANTON) values ('30101','Oriental','301');
Insert into HAPPYPAWS.DISTRITO (IDDISTRITO,NOMBRE,IDCANTON) values ('30102','Occidental','301');
Insert into HAPPYPAWS.DISTRITO (IDDISTRITO,NOMBRE,IDCANTON) values ('30103','Carmen','301');
Insert into HAPPYPAWS.DISTRITO (IDDISTRITO,NOMBRE,IDCANTON) values ('30104','San Nicolás','301');
Insert into HAPPYPAWS.DISTRITO (IDDISTRITO,NOMBRE,IDCANTON) values ('30105','Aguacaliente','301');
Insert into HAPPYPAWS.DISTRITO (IDDISTRITO,NOMBRE,IDCANTON) values ('30106','Guadalupe','301');
Insert into HAPPYPAWS.DISTRITO (IDDISTRITO,NOMBRE,IDCANTON) values ('30107','Corralillo','301');
Insert into HAPPYPAWS.DISTRITO (IDDISTRITO,NOMBRE,IDCANTON) values ('30108','Tierra Blanca','301');
Insert into HAPPYPAWS.DISTRITO (IDDISTRITO,NOMBRE,IDCANTON) values ('30109','Dulce Nombre','301');
Insert into HAPPYPAWS.DISTRITO (IDDISTRITO,NOMBRE,IDCANTON) values ('30110','Llano Grande','301');
Insert into HAPPYPAWS.DISTRITO (IDDISTRITO,NOMBRE,IDCANTON) values ('30111','Quebradilla','301');
Insert into HAPPYPAWS.DISTRITO (IDDISTRITO,NOMBRE,IDCANTON) values ('30201','Paraíso','302');
Insert into HAPPYPAWS.DISTRITO (IDDISTRITO,NOMBRE,IDCANTON) values ('30202','Santiago','302');
Insert into HAPPYPAWS.DISTRITO (IDDISTRITO,NOMBRE,IDCANTON) values ('30203','Orosi','302');
Insert into HAPPYPAWS.DISTRITO (IDDISTRITO,NOMBRE,IDCANTON) values ('30204','Cachí','302');
Insert into HAPPYPAWS.DISTRITO (IDDISTRITO,NOMBRE,IDCANTON) values ('30205','Llanos de Santa Lucía','302');
Insert into HAPPYPAWS.DISTRITO (IDDISTRITO,NOMBRE,IDCANTON) values ('30206','Birrisito','302');
Insert into HAPPYPAWS.DISTRITO (IDDISTRITO,NOMBRE,IDCANTON) values ('30301','Tres Ríos','303');
Insert into HAPPYPAWS.DISTRITO (IDDISTRITO,NOMBRE,IDCANTON) values ('30302','San Diego','303');
Insert into HAPPYPAWS.DISTRITO (IDDISTRITO,NOMBRE,IDCANTON) values ('30303','San Juan','303');
Insert into HAPPYPAWS.DISTRITO (IDDISTRITO,NOMBRE,IDCANTON) values ('30304','San Rafael','303');
Insert into HAPPYPAWS.DISTRITO (IDDISTRITO,NOMBRE,IDCANTON) values ('30305','Concepción','303');
Insert into HAPPYPAWS.DISTRITO (IDDISTRITO,NOMBRE,IDCANTON) values ('30306','Dulce Nombre','303');
Insert into HAPPYPAWS.DISTRITO (IDDISTRITO,NOMBRE,IDCANTON) values ('30307','San Ramón','303');
Insert into HAPPYPAWS.DISTRITO (IDDISTRITO,NOMBRE,IDCANTON) values ('30308','Río Azul','303');
Insert into HAPPYPAWS.DISTRITO (IDDISTRITO,NOMBRE,IDCANTON) values ('30401','Juan Viñas','304');
Insert into HAPPYPAWS.DISTRITO (IDDISTRITO,NOMBRE,IDCANTON) values ('30402','Tucurrique','304');
Insert into HAPPYPAWS.DISTRITO (IDDISTRITO,NOMBRE,IDCANTON) values ('30403','Pejibaye','304');
Insert into HAPPYPAWS.DISTRITO (IDDISTRITO,NOMBRE,IDCANTON) values ('30404','La Victoria','304');
Insert into HAPPYPAWS.DISTRITO (IDDISTRITO,NOMBRE,IDCANTON) values ('30501','Turrialba','305');
Insert into HAPPYPAWS.DISTRITO (IDDISTRITO,NOMBRE,IDCANTON) values ('30502','La Suiza','305');
Insert into HAPPYPAWS.DISTRITO (IDDISTRITO,NOMBRE,IDCANTON) values ('30503','Peralta','305');
Insert into HAPPYPAWS.DISTRITO (IDDISTRITO,NOMBRE,IDCANTON) values ('30504','Santa Cruz','305');
Insert into HAPPYPAWS.DISTRITO (IDDISTRITO,NOMBRE,IDCANTON) values ('30505','Santa Teresita','305');
Insert into HAPPYPAWS.DISTRITO (IDDISTRITO,NOMBRE,IDCANTON) values ('30506','Pavones','305');
Insert into HAPPYPAWS.DISTRITO (IDDISTRITO,NOMBRE,IDCANTON) values ('30507','Tuis','305');
Insert into HAPPYPAWS.DISTRITO (IDDISTRITO,NOMBRE,IDCANTON) values ('30508','Tayutic','305');
Insert into HAPPYPAWS.DISTRITO (IDDISTRITO,NOMBRE,IDCANTON) values ('30509','Santa Rosa','305');
Insert into HAPPYPAWS.DISTRITO (IDDISTRITO,NOMBRE,IDCANTON) values ('30510','Tres Equis','305');
Insert into HAPPYPAWS.DISTRITO (IDDISTRITO,NOMBRE,IDCANTON) values ('30511','La Isabel','305');
Insert into HAPPYPAWS.DISTRITO (IDDISTRITO,NOMBRE,IDCANTON) values ('30512','Chirripó','305');
Insert into HAPPYPAWS.DISTRITO (IDDISTRITO,NOMBRE,IDCANTON) values ('30601','Pacayas','306');
Insert into HAPPYPAWS.DISTRITO (IDDISTRITO,NOMBRE,IDCANTON) values ('30602','Cervantes','306');
Insert into HAPPYPAWS.DISTRITO (IDDISTRITO,NOMBRE,IDCANTON) values ('30603','Capellades','306');
Insert into HAPPYPAWS.DISTRITO (IDDISTRITO,NOMBRE,IDCANTON) values ('30701','San Rafael','307');
Insert into HAPPYPAWS.DISTRITO (IDDISTRITO,NOMBRE,IDCANTON) values ('30702','Cot','307');
Insert into HAPPYPAWS.DISTRITO (IDDISTRITO,NOMBRE,IDCANTON) values ('30703','Potrero Cerrado','307');
Insert into HAPPYPAWS.DISTRITO (IDDISTRITO,NOMBRE,IDCANTON) values ('30704','Cipreses','307');
Insert into HAPPYPAWS.DISTRITO (IDDISTRITO,NOMBRE,IDCANTON) values ('30705','Santa Rosa','307');
Insert into HAPPYPAWS.DISTRITO (IDDISTRITO,NOMBRE,IDCANTON) values ('30801','El Tejar','308');
Insert into HAPPYPAWS.DISTRITO (IDDISTRITO,NOMBRE,IDCANTON) values ('30802','San Isidro','308');
Insert into HAPPYPAWS.DISTRITO (IDDISTRITO,NOMBRE,IDCANTON) values ('30803','Tobosi','308');
Insert into HAPPYPAWS.DISTRITO (IDDISTRITO,NOMBRE,IDCANTON) values ('30804','Patio de Agua','308');
Insert into HAPPYPAWS.DISTRITO (IDDISTRITO,NOMBRE,IDCANTON) values ('40101','Heredia','401');
Insert into HAPPYPAWS.DISTRITO (IDDISTRITO,NOMBRE,IDCANTON) values ('40102','Mercedes','401');
Insert into HAPPYPAWS.DISTRITO (IDDISTRITO,NOMBRE,IDCANTON) values ('40103','San Francisco','401');
Insert into HAPPYPAWS.DISTRITO (IDDISTRITO,NOMBRE,IDCANTON) values ('40104','Ulloa','401');
Insert into HAPPYPAWS.DISTRITO (IDDISTRITO,NOMBRE,IDCANTON) values ('40105','Varablanca','401');
Insert into HAPPYPAWS.DISTRITO (IDDISTRITO,NOMBRE,IDCANTON) values ('40201','Barva','402');
Insert into HAPPYPAWS.DISTRITO (IDDISTRITO,NOMBRE,IDCANTON) values ('40202','San Pedro','402');
Insert into HAPPYPAWS.DISTRITO (IDDISTRITO,NOMBRE,IDCANTON) values ('40203','San Pablo','402');
Insert into HAPPYPAWS.DISTRITO (IDDISTRITO,NOMBRE,IDCANTON) values ('40204','San Roque','402');
Insert into HAPPYPAWS.DISTRITO (IDDISTRITO,NOMBRE,IDCANTON) values ('40205','Santa Lucía','402');
Insert into HAPPYPAWS.DISTRITO (IDDISTRITO,NOMBRE,IDCANTON) values ('40206','San José de la Montaña','402');
Insert into HAPPYPAWS.DISTRITO (IDDISTRITO,NOMBRE,IDCANTON) values ('40301','Santo Domingo','403');
Insert into HAPPYPAWS.DISTRITO (IDDISTRITO,NOMBRE,IDCANTON) values ('40302','San Vicente','403');
Insert into HAPPYPAWS.DISTRITO (IDDISTRITO,NOMBRE,IDCANTON) values ('40303','San Miguel','403');
Insert into HAPPYPAWS.DISTRITO (IDDISTRITO,NOMBRE,IDCANTON) values ('40304','Paracito','403');
Insert into HAPPYPAWS.DISTRITO (IDDISTRITO,NOMBRE,IDCANTON) values ('40305','Santo Tomás','403');
Insert into HAPPYPAWS.DISTRITO (IDDISTRITO,NOMBRE,IDCANTON) values ('40306','Santa Rosa','403');
Insert into HAPPYPAWS.DISTRITO (IDDISTRITO,NOMBRE,IDCANTON) values ('40307','Tures','403');
Insert into HAPPYPAWS.DISTRITO (IDDISTRITO,NOMBRE,IDCANTON) values ('40308','Pará','403');
Insert into HAPPYPAWS.DISTRITO (IDDISTRITO,NOMBRE,IDCANTON) values ('40401','Santa Bárbara','404');
Insert into HAPPYPAWS.DISTRITO (IDDISTRITO,NOMBRE,IDCANTON) values ('40402','San Pedro','404');
Insert into HAPPYPAWS.DISTRITO (IDDISTRITO,NOMBRE,IDCANTON) values ('40403','San Juan','404');
Insert into HAPPYPAWS.DISTRITO (IDDISTRITO,NOMBRE,IDCANTON) values ('40404','Jesús','404');
Insert into HAPPYPAWS.DISTRITO (IDDISTRITO,NOMBRE,IDCANTON) values ('40405','Santo Domingo','404');
Insert into HAPPYPAWS.DISTRITO (IDDISTRITO,NOMBRE,IDCANTON) values ('40406','Purabá','404');
Insert into HAPPYPAWS.DISTRITO (IDDISTRITO,NOMBRE,IDCANTON) values ('40501','San Rafael','405');
Insert into HAPPYPAWS.DISTRITO (IDDISTRITO,NOMBRE,IDCANTON) values ('40502','San Josecito','405');
Insert into HAPPYPAWS.DISTRITO (IDDISTRITO,NOMBRE,IDCANTON) values ('40503','Santiago','405');
Insert into HAPPYPAWS.DISTRITO (IDDISTRITO,NOMBRE,IDCANTON) values ('40504','Ángeles','405');
Insert into HAPPYPAWS.DISTRITO (IDDISTRITO,NOMBRE,IDCANTON) values ('40505','Concepción','405');
Insert into HAPPYPAWS.DISTRITO (IDDISTRITO,NOMBRE,IDCANTON) values ('40601','San Isidro','406');
Insert into HAPPYPAWS.DISTRITO (IDDISTRITO,NOMBRE,IDCANTON) values ('40602','San José','406');
Insert into HAPPYPAWS.DISTRITO (IDDISTRITO,NOMBRE,IDCANTON) values ('40603','Concepción','406');
Insert into HAPPYPAWS.DISTRITO (IDDISTRITO,NOMBRE,IDCANTON) values ('40604','San Francisco','406');
Insert into HAPPYPAWS.DISTRITO (IDDISTRITO,NOMBRE,IDCANTON) values ('40701','San Antonio','407');
Insert into HAPPYPAWS.DISTRITO (IDDISTRITO,NOMBRE,IDCANTON) values ('40702','La Ribera','407');
Insert into HAPPYPAWS.DISTRITO (IDDISTRITO,NOMBRE,IDCANTON) values ('40703','La Asunción','407');
Insert into HAPPYPAWS.DISTRITO (IDDISTRITO,NOMBRE,IDCANTON) values ('40801','San Joaquín','408');
Insert into HAPPYPAWS.DISTRITO (IDDISTRITO,NOMBRE,IDCANTON) values ('40802','Barrantes','408');
Insert into HAPPYPAWS.DISTRITO (IDDISTRITO,NOMBRE,IDCANTON) values ('40803','Llorente','408');
Insert into HAPPYPAWS.DISTRITO (IDDISTRITO,NOMBRE,IDCANTON) values ('40901','San Pablo','409');
Insert into HAPPYPAWS.DISTRITO (IDDISTRITO,NOMBRE,IDCANTON) values ('40902','Rincón de Sabanilla','409');
Insert into HAPPYPAWS.DISTRITO (IDDISTRITO,NOMBRE,IDCANTON) values ('41001','Puerto Viejo','410');
Insert into HAPPYPAWS.DISTRITO (IDDISTRITO,NOMBRE,IDCANTON) values ('41002','La Virgen','410');
Insert into HAPPYPAWS.DISTRITO (IDDISTRITO,NOMBRE,IDCANTON) values ('41003','Las Horquetas','410');
Insert into HAPPYPAWS.DISTRITO (IDDISTRITO,NOMBRE,IDCANTON) values ('41004','Llanuras del Gaspar','410');
Insert into HAPPYPAWS.DISTRITO (IDDISTRITO,NOMBRE,IDCANTON) values ('41005','Cureña','410');
Insert into HAPPYPAWS.DISTRITO (IDDISTRITO,NOMBRE,IDCANTON) values ('50101','Liberia','501');
Insert into HAPPYPAWS.DISTRITO (IDDISTRITO,NOMBRE,IDCANTON) values ('50102','Cañas Dulces','501');
Insert into HAPPYPAWS.DISTRITO (IDDISTRITO,NOMBRE,IDCANTON) values ('50103','Mayorga','501');
Insert into HAPPYPAWS.DISTRITO (IDDISTRITO,NOMBRE,IDCANTON) values ('50104','Nacascolo','501');
Insert into HAPPYPAWS.DISTRITO (IDDISTRITO,NOMBRE,IDCANTON) values ('50105','Curubandé','501');
Insert into HAPPYPAWS.DISTRITO (IDDISTRITO,NOMBRE,IDCANTON) values ('50201','Nicoya','502');
Insert into HAPPYPAWS.DISTRITO (IDDISTRITO,NOMBRE,IDCANTON) values ('50202','Mansión','502');
Insert into HAPPYPAWS.DISTRITO (IDDISTRITO,NOMBRE,IDCANTON) values ('50203','San Antonio','502');
Insert into HAPPYPAWS.DISTRITO (IDDISTRITO,NOMBRE,IDCANTON) values ('50204','Quebrada Honda','502');
Insert into HAPPYPAWS.DISTRITO (IDDISTRITO,NOMBRE,IDCANTON) values ('50205','Sámara','502');
Insert into HAPPYPAWS.DISTRITO (IDDISTRITO,NOMBRE,IDCANTON) values ('50206','Nosara','502');
Insert into HAPPYPAWS.DISTRITO (IDDISTRITO,NOMBRE,IDCANTON) values ('50207','Belén de Nosarita','502');
Insert into HAPPYPAWS.DISTRITO (IDDISTRITO,NOMBRE,IDCANTON) values ('50301','Santa Cruz','503');
Insert into HAPPYPAWS.DISTRITO (IDDISTRITO,NOMBRE,IDCANTON) values ('50302','Bolsón','503');
Insert into HAPPYPAWS.DISTRITO (IDDISTRITO,NOMBRE,IDCANTON) values ('50303','Veintisiete de Abril','503');
Insert into HAPPYPAWS.DISTRITO (IDDISTRITO,NOMBRE,IDCANTON) values ('50304','Tempate','503');
Insert into HAPPYPAWS.DISTRITO (IDDISTRITO,NOMBRE,IDCANTON) values ('50305','Cartagena','503');
Insert into HAPPYPAWS.DISTRITO (IDDISTRITO,NOMBRE,IDCANTON) values ('50306','Cuajiniquil','503');
Insert into HAPPYPAWS.DISTRITO (IDDISTRITO,NOMBRE,IDCANTON) values ('50307','Diriá','503');
Insert into HAPPYPAWS.DISTRITO (IDDISTRITO,NOMBRE,IDCANTON) values ('50308','Cabo Velas','503');
Insert into HAPPYPAWS.DISTRITO (IDDISTRITO,NOMBRE,IDCANTON) values ('50309','Tamarindo','503');
Insert into HAPPYPAWS.DISTRITO (IDDISTRITO,NOMBRE,IDCANTON) values ('50401','Bagaces','504');
Insert into HAPPYPAWS.DISTRITO (IDDISTRITO,NOMBRE,IDCANTON) values ('50402','La Fortuna','504');
Insert into HAPPYPAWS.DISTRITO (IDDISTRITO,NOMBRE,IDCANTON) values ('50403','Mogote','504');
Insert into HAPPYPAWS.DISTRITO (IDDISTRITO,NOMBRE,IDCANTON) values ('50404','Río Naranjo','504');
Insert into HAPPYPAWS.DISTRITO (IDDISTRITO,NOMBRE,IDCANTON) values ('50501','Filadelfia','505');
Insert into HAPPYPAWS.DISTRITO (IDDISTRITO,NOMBRE,IDCANTON) values ('50502','Palmira','505');
Insert into HAPPYPAWS.DISTRITO (IDDISTRITO,NOMBRE,IDCANTON) values ('50503','Sardinal','505');
Insert into HAPPYPAWS.DISTRITO (IDDISTRITO,NOMBRE,IDCANTON) values ('50504','Belén','505');
Insert into HAPPYPAWS.DISTRITO (IDDISTRITO,NOMBRE,IDCANTON) values ('50601','Cañas','506');
Insert into HAPPYPAWS.DISTRITO (IDDISTRITO,NOMBRE,IDCANTON) values ('50602','Palmira','506');
Insert into HAPPYPAWS.DISTRITO (IDDISTRITO,NOMBRE,IDCANTON) values ('50603','San Miguel','506');
Insert into HAPPYPAWS.DISTRITO (IDDISTRITO,NOMBRE,IDCANTON) values ('50604','Bebedero','506');
Insert into HAPPYPAWS.DISTRITO (IDDISTRITO,NOMBRE,IDCANTON) values ('50605','Porozal','506');
Insert into HAPPYPAWS.DISTRITO (IDDISTRITO,NOMBRE,IDCANTON) values ('50701','Las Juntas','507');
Insert into HAPPYPAWS.DISTRITO (IDDISTRITO,NOMBRE,IDCANTON) values ('50702','Sierra','507');
Insert into HAPPYPAWS.DISTRITO (IDDISTRITO,NOMBRE,IDCANTON) values ('50703','San Juan','507');
Insert into HAPPYPAWS.DISTRITO (IDDISTRITO,NOMBRE,IDCANTON) values ('50704','Colorado','507');
Insert into HAPPYPAWS.DISTRITO (IDDISTRITO,NOMBRE,IDCANTON) values ('50801','Tilarán','508');
Insert into HAPPYPAWS.DISTRITO (IDDISTRITO,NOMBRE,IDCANTON) values ('50802','Quebrada Grande','508');
Insert into HAPPYPAWS.DISTRITO (IDDISTRITO,NOMBRE,IDCANTON) values ('50803','Tronadora','508');
Insert into HAPPYPAWS.DISTRITO (IDDISTRITO,NOMBRE,IDCANTON) values ('50804','Santa Rosa','508');
Insert into HAPPYPAWS.DISTRITO (IDDISTRITO,NOMBRE,IDCANTON) values ('50805','Líbano','508');
Insert into HAPPYPAWS.DISTRITO (IDDISTRITO,NOMBRE,IDCANTON) values ('50806','Tierras Morenas','508');
Insert into HAPPYPAWS.DISTRITO (IDDISTRITO,NOMBRE,IDCANTON) values ('50807','Arenal','508');
Insert into HAPPYPAWS.DISTRITO (IDDISTRITO,NOMBRE,IDCANTON) values ('50808','Cabeceras','508');
Insert into HAPPYPAWS.DISTRITO (IDDISTRITO,NOMBRE,IDCANTON) values ('50901','Carmona','509');
Insert into HAPPYPAWS.DISTRITO (IDDISTRITO,NOMBRE,IDCANTON) values ('50902','Santa Rita','509');
Insert into HAPPYPAWS.DISTRITO (IDDISTRITO,NOMBRE,IDCANTON) values ('50903','Zapotal','509');
Insert into HAPPYPAWS.DISTRITO (IDDISTRITO,NOMBRE,IDCANTON) values ('50904','San Pablo','509');
Insert into HAPPYPAWS.DISTRITO (IDDISTRITO,NOMBRE,IDCANTON) values ('50905','Porvenir','509');
Insert into HAPPYPAWS.DISTRITO (IDDISTRITO,NOMBRE,IDCANTON) values ('50906','Bejuco','509');
Insert into HAPPYPAWS.DISTRITO (IDDISTRITO,NOMBRE,IDCANTON) values ('51001','La Cruz','510');
Insert into HAPPYPAWS.DISTRITO (IDDISTRITO,NOMBRE,IDCANTON) values ('51002','Santa Cecilia','510');
Insert into HAPPYPAWS.DISTRITO (IDDISTRITO,NOMBRE,IDCANTON) values ('51003','La Garita','510');
Insert into HAPPYPAWS.DISTRITO (IDDISTRITO,NOMBRE,IDCANTON) values ('51004','Santa Elena','510');
Insert into HAPPYPAWS.DISTRITO (IDDISTRITO,NOMBRE,IDCANTON) values ('51101','Hojancha','511');
Insert into HAPPYPAWS.DISTRITO (IDDISTRITO,NOMBRE,IDCANTON) values ('51102','Monte Romo','511');
Insert into HAPPYPAWS.DISTRITO (IDDISTRITO,NOMBRE,IDCANTON) values ('51103','Puerto Carrillo','511');
Insert into HAPPYPAWS.DISTRITO (IDDISTRITO,NOMBRE,IDCANTON) values ('51104','Huacas','511');
Insert into HAPPYPAWS.DISTRITO (IDDISTRITO,NOMBRE,IDCANTON) values ('51105','Matambú','511');
Insert into HAPPYPAWS.DISTRITO (IDDISTRITO,NOMBRE,IDCANTON) values ('60101','Puntarenas','601');
Insert into HAPPYPAWS.DISTRITO (IDDISTRITO,NOMBRE,IDCANTON) values ('60102','Pitahaya','601');
Insert into HAPPYPAWS.DISTRITO (IDDISTRITO,NOMBRE,IDCANTON) values ('60103','Chomes','601');
Insert into HAPPYPAWS.DISTRITO (IDDISTRITO,NOMBRE,IDCANTON) values ('60104','Lepanto','601');
Insert into HAPPYPAWS.DISTRITO (IDDISTRITO,NOMBRE,IDCANTON) values ('60105','Paquera','601');
Insert into HAPPYPAWS.DISTRITO (IDDISTRITO,NOMBRE,IDCANTON) values ('60106','Manzanillo','601');
Insert into HAPPYPAWS.DISTRITO (IDDISTRITO,NOMBRE,IDCANTON) values ('60107','Guacimal','601');
Insert into HAPPYPAWS.DISTRITO (IDDISTRITO,NOMBRE,IDCANTON) values ('60108','Barranca','601');
Insert into HAPPYPAWS.DISTRITO (IDDISTRITO,NOMBRE,IDCANTON) values ('60109','Monte Verde','601');
Insert into HAPPYPAWS.DISTRITO (IDDISTRITO,NOMBRE,IDCANTON) values ('60110','Isla del Coco','601');
Insert into HAPPYPAWS.DISTRITO (IDDISTRITO,NOMBRE,IDCANTON) values ('60111','Cóbano','601');
Insert into HAPPYPAWS.DISTRITO (IDDISTRITO,NOMBRE,IDCANTON) values ('60112','Chacarita','601');
Insert into HAPPYPAWS.DISTRITO (IDDISTRITO,NOMBRE,IDCANTON) values ('60113','Chira','601');
Insert into HAPPYPAWS.DISTRITO (IDDISTRITO,NOMBRE,IDCANTON) values ('60114','Acapulco','601');
Insert into HAPPYPAWS.DISTRITO (IDDISTRITO,NOMBRE,IDCANTON) values ('60115','El Roble','601');
Insert into HAPPYPAWS.DISTRITO (IDDISTRITO,NOMBRE,IDCANTON) values ('60116','Arancibia','601');
Insert into HAPPYPAWS.DISTRITO (IDDISTRITO,NOMBRE,IDCANTON) values ('60201','Espíritu Santo','602');
Insert into HAPPYPAWS.DISTRITO (IDDISTRITO,NOMBRE,IDCANTON) values ('60202','San Juan Grande','602');
Insert into HAPPYPAWS.DISTRITO (IDDISTRITO,NOMBRE,IDCANTON) values ('60203','Macacona','602');
Insert into HAPPYPAWS.DISTRITO (IDDISTRITO,NOMBRE,IDCANTON) values ('60204','San Rafael','602');
Insert into HAPPYPAWS.DISTRITO (IDDISTRITO,NOMBRE,IDCANTON) values ('60205','San Jerónimo','602');
Insert into HAPPYPAWS.DISTRITO (IDDISTRITO,NOMBRE,IDCANTON) values ('60206','Caldera','602');
Insert into HAPPYPAWS.DISTRITO (IDDISTRITO,NOMBRE,IDCANTON) values ('60301','Buenos Aires','603');
Insert into HAPPYPAWS.DISTRITO (IDDISTRITO,NOMBRE,IDCANTON) values ('60302','Volcán','603');
Insert into HAPPYPAWS.DISTRITO (IDDISTRITO,NOMBRE,IDCANTON) values ('60303','Potrero Grande','603');
Insert into HAPPYPAWS.DISTRITO (IDDISTRITO,NOMBRE,IDCANTON) values ('60304','Boruca','603');
Insert into HAPPYPAWS.DISTRITO (IDDISTRITO,NOMBRE,IDCANTON) values ('60305','Pilas','603');
Insert into HAPPYPAWS.DISTRITO (IDDISTRITO,NOMBRE,IDCANTON) values ('60306','Colinas','603');
Insert into HAPPYPAWS.DISTRITO (IDDISTRITO,NOMBRE,IDCANTON) values ('60307','Chánguena','603');
Insert into HAPPYPAWS.DISTRITO (IDDISTRITO,NOMBRE,IDCANTON) values ('60308','Biolley','603');
Insert into HAPPYPAWS.DISTRITO (IDDISTRITO,NOMBRE,IDCANTON) values ('60309','Brunka','603');
Insert into HAPPYPAWS.DISTRITO (IDDISTRITO,NOMBRE,IDCANTON) values ('60401','Miramar','604');
Insert into HAPPYPAWS.DISTRITO (IDDISTRITO,NOMBRE,IDCANTON) values ('60402','La Unión','604');
Insert into HAPPYPAWS.DISTRITO (IDDISTRITO,NOMBRE,IDCANTON) values ('60403','San Isidro','604');
Insert into HAPPYPAWS.DISTRITO (IDDISTRITO,NOMBRE,IDCANTON) values ('60501','Puerto Cortés','605');
Insert into HAPPYPAWS.DISTRITO (IDDISTRITO,NOMBRE,IDCANTON) values ('60502','Palmar','605');
Insert into HAPPYPAWS.DISTRITO (IDDISTRITO,NOMBRE,IDCANTON) values ('60503','Sierpe','605');
Insert into HAPPYPAWS.DISTRITO (IDDISTRITO,NOMBRE,IDCANTON) values ('60504','Bahía Ballena','605');
Insert into HAPPYPAWS.DISTRITO (IDDISTRITO,NOMBRE,IDCANTON) values ('60505','Piedras Blancas','605');
Insert into HAPPYPAWS.DISTRITO (IDDISTRITO,NOMBRE,IDCANTON) values ('60506','Bahía Drake','605');
Insert into HAPPYPAWS.DISTRITO (IDDISTRITO,NOMBRE,IDCANTON) values ('60601','Quepos','606');
Insert into HAPPYPAWS.DISTRITO (IDDISTRITO,NOMBRE,IDCANTON) values ('60602','Savegre','606');
Insert into HAPPYPAWS.DISTRITO (IDDISTRITO,NOMBRE,IDCANTON) values ('60603','Naranjito','606');
Insert into HAPPYPAWS.DISTRITO (IDDISTRITO,NOMBRE,IDCANTON) values ('60701','Golfito','607');
Insert into HAPPYPAWS.DISTRITO (IDDISTRITO,NOMBRE,IDCANTON) values ('60702','Puerto Jiménez','607');
Insert into HAPPYPAWS.DISTRITO (IDDISTRITO,NOMBRE,IDCANTON) values ('60703','Guaycará','607');
Insert into HAPPYPAWS.DISTRITO (IDDISTRITO,NOMBRE,IDCANTON) values ('60704','Pavón','607');
Insert into HAPPYPAWS.DISTRITO (IDDISTRITO,NOMBRE,IDCANTON) values ('60801','San Vito','608');
Insert into HAPPYPAWS.DISTRITO (IDDISTRITO,NOMBRE,IDCANTON) values ('60802','Sabalito','608');
Insert into HAPPYPAWS.DISTRITO (IDDISTRITO,NOMBRE,IDCANTON) values ('60803','Aguabuena','608');
Insert into HAPPYPAWS.DISTRITO (IDDISTRITO,NOMBRE,IDCANTON) values ('60804','Limoncito','608');
Insert into HAPPYPAWS.DISTRITO (IDDISTRITO,NOMBRE,IDCANTON) values ('60805','Pittier','608');
Insert into HAPPYPAWS.DISTRITO (IDDISTRITO,NOMBRE,IDCANTON) values ('60806','Gutiérrez Braun','608');
Insert into HAPPYPAWS.DISTRITO (IDDISTRITO,NOMBRE,IDCANTON) values ('60901','Parrita','609');
Insert into HAPPYPAWS.DISTRITO (IDDISTRITO,NOMBRE,IDCANTON) values ('61001','Corredor','610');
Insert into HAPPYPAWS.DISTRITO (IDDISTRITO,NOMBRE,IDCANTON) values ('61002','La Cuesta','610');
Insert into HAPPYPAWS.DISTRITO (IDDISTRITO,NOMBRE,IDCANTON) values ('61003','Canoas','610');
Insert into HAPPYPAWS.DISTRITO (IDDISTRITO,NOMBRE,IDCANTON) values ('61004','Laurel','610');
Insert into HAPPYPAWS.DISTRITO (IDDISTRITO,NOMBRE,IDCANTON) values ('61101','Jacó','611');
Insert into HAPPYPAWS.DISTRITO (IDDISTRITO,NOMBRE,IDCANTON) values ('61102','Tárcoles','611');
Insert into HAPPYPAWS.DISTRITO (IDDISTRITO,NOMBRE,IDCANTON) values ('61103','Lagunillas','611');
Insert into HAPPYPAWS.DISTRITO (IDDISTRITO,NOMBRE,IDCANTON) values ('70101','Limón','701');
Insert into HAPPYPAWS.DISTRITO (IDDISTRITO,NOMBRE,IDCANTON) values ('70102','Valle La Estrella','701');
Insert into HAPPYPAWS.DISTRITO (IDDISTRITO,NOMBRE,IDCANTON) values ('70103','Río Blanco','701');
Insert into HAPPYPAWS.DISTRITO (IDDISTRITO,NOMBRE,IDCANTON) values ('70104','Matama','701');
Insert into HAPPYPAWS.DISTRITO (IDDISTRITO,NOMBRE,IDCANTON) values ('70201','Guápiles','702');
Insert into HAPPYPAWS.DISTRITO (IDDISTRITO,NOMBRE,IDCANTON) values ('70202','Jiménez','702');
Insert into HAPPYPAWS.DISTRITO (IDDISTRITO,NOMBRE,IDCANTON) values ('70203','Rita','702');
Insert into HAPPYPAWS.DISTRITO (IDDISTRITO,NOMBRE,IDCANTON) values ('70204','Roxana','702');
Insert into HAPPYPAWS.DISTRITO (IDDISTRITO,NOMBRE,IDCANTON) values ('70205','Cariari','702');
Insert into HAPPYPAWS.DISTRITO (IDDISTRITO,NOMBRE,IDCANTON) values ('70206','Colorado','702');
Insert into HAPPYPAWS.DISTRITO (IDDISTRITO,NOMBRE,IDCANTON) values ('70207','La Colonia','702');
Insert into HAPPYPAWS.DISTRITO (IDDISTRITO,NOMBRE,IDCANTON) values ('70301','Siquirres','703');
Insert into HAPPYPAWS.DISTRITO (IDDISTRITO,NOMBRE,IDCANTON) values ('70302','Pacuarito','703');
Insert into HAPPYPAWS.DISTRITO (IDDISTRITO,NOMBRE,IDCANTON) values ('70303','Florida','703');
Insert into HAPPYPAWS.DISTRITO (IDDISTRITO,NOMBRE,IDCANTON) values ('70304','Germania','703');
Insert into HAPPYPAWS.DISTRITO (IDDISTRITO,NOMBRE,IDCANTON) values ('70305','El Cairo','703');
Insert into HAPPYPAWS.DISTRITO (IDDISTRITO,NOMBRE,IDCANTON) values ('70306','Alegría','703');
Insert into HAPPYPAWS.DISTRITO (IDDISTRITO,NOMBRE,IDCANTON) values ('70307','Reventazón','703');
Insert into HAPPYPAWS.DISTRITO (IDDISTRITO,NOMBRE,IDCANTON) values ('70401','Bratsi','704');
Insert into HAPPYPAWS.DISTRITO (IDDISTRITO,NOMBRE,IDCANTON) values ('70402','Sixaola','704');
Insert into HAPPYPAWS.DISTRITO (IDDISTRITO,NOMBRE,IDCANTON) values ('70403','Cahuita','704');
Insert into HAPPYPAWS.DISTRITO (IDDISTRITO,NOMBRE,IDCANTON) values ('70404','Telire','704');
Insert into HAPPYPAWS.DISTRITO (IDDISTRITO,NOMBRE,IDCANTON) values ('70501','Matina','705');
Insert into HAPPYPAWS.DISTRITO (IDDISTRITO,NOMBRE,IDCANTON) values ('70502','Batán','705');
Insert into HAPPYPAWS.DISTRITO (IDDISTRITO,NOMBRE,IDCANTON) values ('70503','Carrandi','705');
Insert into HAPPYPAWS.DISTRITO (IDDISTRITO,NOMBRE,IDCANTON) values ('70601','Guácimo','706');
Insert into HAPPYPAWS.DISTRITO (IDDISTRITO,NOMBRE,IDCANTON) values ('70602','Mercedes','706');
Insert into HAPPYPAWS.DISTRITO (IDDISTRITO,NOMBRE,IDCANTON) values ('70603','Pocora','706');
Insert into HAPPYPAWS.DISTRITO (IDDISTRITO,NOMBRE,IDCANTON) values ('70604','Río Jiménez','706');
Insert into HAPPYPAWS.DISTRITO (IDDISTRITO,NOMBRE,IDCANTON) values ('70605','Duacarí','706');
REM INSERTING into HAPPYPAWS.ESPECIALIDAD
SET DEFINE OFF;
Insert into HAPPYPAWS.ESPECIALIDAD (IDESPECIALIDAD,ESPECIALIDAD,DESCRIPCION) values ('1','Medicina General','Atención y cuidado general de la salud de los animales, incluyendo diagnóstico y tratamiento de enfermedades comunes.');
Insert into HAPPYPAWS.ESPECIALIDAD (IDESPECIALIDAD,ESPECIALIDAD,DESCRIPCION) values ('2','Cirugía','Realización de procedimientos quirúrgicos en animales para tratar diversas condiciones médicas.');
Insert into HAPPYPAWS.ESPECIALIDAD (IDESPECIALIDAD,ESPECIALIDAD,DESCRIPCION) values ('3','Castración','Procedimiento quirúrgico para esterilizar animales, evitando su reproducción y controlando la población.');
Insert into HAPPYPAWS.ESPECIALIDAD (IDESPECIALIDAD,ESPECIALIDAD,DESCRIPCION) values ('4','Aseo','Servicios de limpieza y cuidado de higiene para mantener a los animales limpios y saludables.');
Insert into HAPPYPAWS.ESPECIALIDAD (IDESPECIALIDAD,ESPECIALIDAD,DESCRIPCION) values ('5','Administrador','Administrador de la plataforma web.');
Insert into HAPPYPAWS.ESPECIALIDAD (IDESPECIALIDAD,ESPECIALIDAD,DESCRIPCION) values ('6','Recepcionista','Brindar atención a visitantes externos y canalizarlos al área correspondiente.');
Insert into HAPPYPAWS.ESPECIALIDAD (IDESPECIALIDAD,ESPECIALIDAD,DESCRIPCION) values ('7','N/A','N/A');
REM INSERTING into HAPPYPAWS.ESTADO
SET DEFINE OFF;
Insert into HAPPYPAWS.ESTADO (IDESTADO,ESTADO) values ('1','Asignada');
Insert into HAPPYPAWS.ESTADO (IDESTADO,ESTADO) values ('2','Atendida');
Insert into HAPPYPAWS.ESTADO (IDESTADO,ESTADO) values ('3','Cancelada');
REM INSERTING into HAPPYPAWS.EVENTOS
SET DEFINE OFF;
Insert into HAPPYPAWS.EVENTOS (IDEVENTO,LUGAR,FECHA,HORA_INICIO,HORA_FIN,DESCRIPCION,IMAGEN,IDPROVINCIA,IDCANTON,IDDISTRITO,NOMBREEVENTO) values ('1','Coronado',to_date('21/10/23','DD/MM/RR'),to_timestamp('01/11/23 09:00:00,000000000 AM','DD/MM/RR HH12:MI:SSXFF AM'),to_timestamp('01/11/23 04:00:00,000000000 PM','DD/MM/RR HH12:MI:SSXFF AM'),'Campaña de Castración Felina y Canina','510eba026a7c41146da608f893168338.jpg','1','101','10101','Campaña de Castración Felina y Canina');
Insert into HAPPYPAWS.EVENTOS (IDEVENTO,LUGAR,FECHA,HORA_INICIO,HORA_FIN,DESCRIPCION,IMAGEN,IDPROVINCIA,IDCANTON,IDDISTRITO,NOMBREEVENTO) values ('2','San José',to_date('27/08/23','DD/MM/RR'),to_timestamp('01/11/23 10:00:00,000000000 AM','DD/MM/RR HH12:MI:SSXFF AM'),to_timestamp('01/11/23 02:00:00,000000000 PM','DD/MM/RR HH12:MI:SSXFF AM'),'Día de Adopción Responsable','fca9f567b40e6266fee2be3a288cd70b.jpg','1','101','10101','Día de Adopción Responsable');
Insert into HAPPYPAWS.EVENTOS (IDEVENTO,LUGAR,FECHA,HORA_INICIO,HORA_FIN,DESCRIPCION,IMAGEN,IDPROVINCIA,IDCANTON,IDDISTRITO,NOMBREEVENTO) values ('3','Heredia',to_date('30/09/23','DD/MM/RR'),to_timestamp('01/11/23 08:30:00,000000000 AM','DD/MM/RR HH12:MI:SSXFF AM'),to_timestamp('01/11/23 04:30:00,000000000 PM','DD/MM/RR HH12:MI:SSXFF AM'),'Charla sobre Nutrición y Salud Animal','c44d16f414c9f8b0be7a74417cea9254.jpg','1','101','10101','Charla sobre Nutrición y Salud Animal');
Insert into HAPPYPAWS.EVENTOS (IDEVENTO,LUGAR,FECHA,HORA_INICIO,HORA_FIN,DESCRIPCION,IMAGEN,IDPROVINCIA,IDCANTON,IDDISTRITO,NOMBREEVENTO) values ('4','Mata Platano',to_date('15/09/23','DD/MM/RR'),to_timestamp('01/11/23 11:00:00,000000000 AM','DD/MM/RR HH12:MI:SSXFF AM'),to_timestamp('01/11/23 04:00:00,000000000 AM','DD/MM/RR HH12:MI:SSXFF AM'),'Exposición de Razas Caninas','453952d44dc3c0a018eae36a22f78833.jpg','1','101','10101','Exposición de Razas Caninas');
Insert into HAPPYPAWS.EVENTOS (IDEVENTO,LUGAR,FECHA,HORA_INICIO,HORA_FIN,DESCRIPCION,IMAGEN,IDPROVINCIA,IDCANTON,IDDISTRITO,NOMBREEVENTO) values ('5','Pedregal',to_date('13/08/23','DD/MM/RR'),to_timestamp('01/11/23 09:00:00,000000000 AM','DD/MM/RR HH12:MI:SSXFF AM'),to_timestamp('01/11/23 01:00:00,000000000 PM','DD/MM/RR HH12:MI:SSXFF AM'),'Vacunación Gratuita','95f06f81d2dea3f9c5807f3b7658b3fe.jpg','1','101','10101','Vacunación Gratuita');
Insert into HAPPYPAWS.EVENTOS (IDEVENTO,LUGAR,FECHA,HORA_INICIO,HORA_FIN,DESCRIPCION,IMAGEN,IDPROVINCIA,IDCANTON,IDDISTRITO,NOMBREEVENTO) values ('6','Pérez Zeledon',to_date('19/11/23','DD/MM/RR'),to_timestamp('01/11/23 10:00:00,000000000 AM','DD/MM/RR HH12:MI:SSXFF AM'),to_timestamp('01/11/23 02:00:00,000000000 PM','DD/MM/RR HH12:MI:SSXFF AM'),'Taller de Adiestramiento Canino','aa3a47b08ab10594c53e4f2914f92a45.jpg','1','101','10101','Taller de Adiestramiento Canino');
REM INSERTING into HAPPYPAWS.HISTORIALMEDICO
SET DEFINE OFF;
Insert into HAPPYPAWS.HISTORIALMEDICO (IDHMEDICO,COSTE,IDMASCOTA,IDCOLABORADOR,IDCITA) values ('1','7500','1','2','7');
Insert into HAPPYPAWS.HISTORIALMEDICO (IDHMEDICO,COSTE,IDMASCOTA,IDCOLABORADOR,IDCITA) values ('2','20000','2','2','8');
Insert into HAPPYPAWS.HISTORIALMEDICO (IDHMEDICO,COSTE,IDMASCOTA,IDCOLABORADOR,IDCITA) values ('3','15200','6','2','9');
Insert into HAPPYPAWS.HISTORIALMEDICO (IDHMEDICO,COSTE,IDMASCOTA,IDCOLABORADOR,IDCITA) values ('6','65000','13','3','16');
Insert into HAPPYPAWS.HISTORIALMEDICO (IDHMEDICO,COSTE,IDMASCOTA,IDCOLABORADOR,IDCITA) values ('7','35000','1','4','2');
Insert into HAPPYPAWS.HISTORIALMEDICO (IDHMEDICO,COSTE,IDMASCOTA,IDCOLABORADOR,IDCITA) values ('8','32000','16','4','19');
Insert into HAPPYPAWS.HISTORIALMEDICO (IDHMEDICO,COSTE,IDMASCOTA,IDCOLABORADOR,IDCITA) values ('9','15000','11','5','14');
Insert into HAPPYPAWS.HISTORIALMEDICO (IDHMEDICO,COSTE,IDMASCOTA,IDCOLABORADOR,IDCITA) values ('4','25000','9','2','12');
Insert into HAPPYPAWS.HISTORIALMEDICO (IDHMEDICO,COSTE,IDMASCOTA,IDCOLABORADOR,IDCITA) values ('5','15000','9','3','13');
REM INSERTING into HAPPYPAWS.HORARIOCITAS
SET DEFINE OFF;
Insert into HAPPYPAWS.HORARIOCITAS (IDHORARIO,HORAINICIO,HORAFIN) values ('1','08:00:00','09:00:00');
Insert into HAPPYPAWS.HORARIOCITAS (IDHORARIO,HORAINICIO,HORAFIN) values ('2','09:00:00','10:00:00');
Insert into HAPPYPAWS.HORARIOCITAS (IDHORARIO,HORAINICIO,HORAFIN) values ('3','10:00:00','11:00:00');
Insert into HAPPYPAWS.HORARIOCITAS (IDHORARIO,HORAINICIO,HORAFIN) values ('4','11:00:00','12:00:00');
Insert into HAPPYPAWS.HORARIOCITAS (IDHORARIO,HORAINICIO,HORAFIN) values ('5','13:00:00','14:00:00');
Insert into HAPPYPAWS.HORARIOCITAS (IDHORARIO,HORAINICIO,HORAFIN) values ('6','14:00:00','15:00:00');
Insert into HAPPYPAWS.HORARIOCITAS (IDHORARIO,HORAINICIO,HORAFIN) values ('7','15:00:00','16:00:00');
REM INSERTING into HAPPYPAWS.MASCOTA
SET DEFINE OFF;
Insert into HAPPYPAWS.MASCOTA (IDMASCOTA,NOMBRE,DESCRIPCION,IMAGEN,IDTIPOMASCOTA,IDCLIENTE) values ('1','Mango','Es un gato macho de pelaje naranja intenso y ojos amarillos. Tiene una personalidad aventurera y le encanta explorar todos los rincones de su hogar. Siempre está curioso y listo para jugar con cualquier objeto que encuentre.','4ffe79e93549faee72849cccebdda394.jpg','2','1');
Insert into HAPPYPAWS.MASCOTA (IDMASCOTA,NOMBRE,DESCRIPCION,IMAGEN,IDTIPOMASCOTA,IDCLIENTE) values ('2','Gary','Gato macho con pelaje negro y blanco en un patrón atigrado. Es un poco relleno, pero su personalidad es cariñosa y tranquila. Le encanta descansar y recibir caricias.','7e8d6f27bd91f750ece20db309593412.jpg','2','1');
Insert into HAPPYPAWS.MASCOTA (IDMASCOTA,NOMBRE,DESCRIPCION,IMAGEN,IDTIPOMASCOTA,IDCLIENTE) values ('3','Ashoka','Es una gata hembra de pelaje blanco y gris con manchas, y ojos grandes y expresivos. Tiene una personalidad elegante y tranquila. Le gusta encontrar lugares cómodos para descansar y observar el mundo a su alrededor.','29a7748940a0ff56e235257f3e763a1f.jpg','2','1');
Insert into HAPPYPAWS.MASCOTA (IDMASCOTA,NOMBRE,DESCRIPCION,IMAGEN,IDTIPOMASCOTA,IDCLIENTE) values ('4','Boots','Es un perro macho de raza mixta, con pelaje negro y blanco. Tiene una personalidad enérgica y siempre está dispuesto a jugar. Le encanta correr al aire libre y es un compañero leal y protector.','780bb5e3db0aa5e746aab40ab76cf2a1.jpg','1','1');
Insert into HAPPYPAWS.MASCOTA (IDMASCOTA,NOMBRE,DESCRIPCION,IMAGEN,IDTIPOMASCOTA,IDCLIENTE) values ('5','Dory','Es una perra hembra de pelaje dorado y suave. Tiene ojos grandes y expresivos que reflejan su naturaleza amigable y cariñosa. ','5cfe4426c50640a5029419b3f84b0cbb.jpg','1','1');
Insert into HAPPYPAWS.MASCOTA (IDMASCOTA,NOMBRE,DESCRIPCION,IMAGEN,IDTIPOMASCOTA,IDCLIENTE) values ('6','Oliver','Es un gato, un poco tímido pero extremadamente elegante y curioso.','4b622bd2f8d3256337cb32484a3c9c49.jpg','1','2');
Insert into HAPPYPAWS.MASCOTA (IDMASCOTA,NOMBRE,DESCRIPCION,IMAGEN,IDTIPOMASCOTA,IDCLIENTE) values ('7','Coco','Es un bulldog francés de 12 kg, de color atigrado y con una personalidad divertida y juguetona. Le encanta hacer travesuras.','2737fc39e871ad5c0372dc6f1fb18c69.jpg','1','2');
Insert into HAPPYPAWS.MASCOTA (IDMASCOTA,NOMBRE,DESCRIPCION,IMAGEN,IDTIPOMASCOTA,IDCLIENTE) values ('8','Zoe','Es una perrita pug de 6 kg, pelaje beige y hocico arrugado. Tiene una personalidad juguetona y le encanta estar cerca de las personas.','8fd4dc9b79f94f09dacf4ba133412428.jpg','2','2');
Insert into HAPPYPAWS.MASCOTA (IDMASCOTA,NOMBRE,DESCRIPCION,IMAGEN,IDTIPOMASCOTA,IDCLIENTE) values ('9','Mia','Es una gata negra de pelaje brillante y ojos amarillos. Aunque puede ser independiente, también disfruta de momentos de afecto.','b78062f96cc60bca208eb16a2dcbc648.jpg','2','3');
Insert into HAPPYPAWS.MASCOTA (IDMASCOTA,NOMBRE,DESCRIPCION,IMAGEN,IDTIPOMASCOTA,IDCLIENTE) values ('10','Leo','Es un gato Maine Coon, grande y pelaje atigrado. Aunque puede ser independiente, también puede ser un compañero cariñoso.','7ff2a5103e212856fce4c134c192cd3e.jpg','1','3');
Insert into HAPPYPAWS.MASCOTA (IDMASCOTA,NOMBRE,DESCRIPCION,IMAGEN,IDTIPOMASCOTA,IDCLIENTE) values ('11','Toby','Es un golden retriever de 30 kg, pelaje dorado y un gran apetito por la diversión. Es muy sociable y le encanta estar rodeado de gente.','9099b773cc296be489fc0fd05198738f.jpg','1','3');
Insert into HAPPYPAWS.MASCOTA (IDMASCOTA,NOMBRE,DESCRIPCION,IMAGEN,IDTIPOMASCOTA,IDCLIENTE) values ('12','Buddy','Es un doberman de 80kg, pelo negro y muy amigable','ab70f9105e1a6b8adda78d833ccb4706.jpg','2','4');
Insert into HAPPYPAWS.MASCOTA (IDMASCOTA,NOMBRE,DESCRIPCION,IMAGEN,IDTIPOMASCOTA,IDCLIENTE) values ('13','Max','Es un gato muy especial, pero un poco arizco','702e89a4b21037e72608b0d1dd6214f1.jpg','1','4');
Insert into HAPPYPAWS.MASCOTA (IDMASCOTA,NOMBRE,DESCRIPCION,IMAGEN,IDTIPOMASCOTA,IDCLIENTE) values ('14','Luna','Es mi mejor amiga, tiene 2 años','40093312e746915c54c711e2a56ac85e.jpg','2','4');
Insert into HAPPYPAWS.MASCOTA (IDMASCOTA,NOMBRE,DESCRIPCION,IMAGEN,IDTIPOMASCOTA,IDCLIENTE) values ('15','Rocky','Es un labrador retriever de 35 kg, pelaje dorado y lleno de energía. Le encanta jugar al aire libre y es muy obediente.','fc37938a8c44531b15a366837b91cc74.jpg','1','5');
Insert into HAPPYPAWS.MASCOTA (IDMASCOTA,NOMBRE,DESCRIPCION,IMAGEN,IDTIPOMASCOTA,IDCLIENTE) values ('16','Bella','Es una poodle toy de 4 kg, con pelaje blanco y rizado. Tiene una personalidad cariñosa y le encanta ser mimada.','465dbe4dec447b74fd8608f99acb9812.jpg','1','5');
Insert into HAPPYPAWS.MASCOTA (IDMASCOTA,NOMBRE,DESCRIPCION,IMAGEN,IDTIPOMASCOTA,IDCLIENTE) values ('17','Maya','Es una gata hembra con pelaje blanco y negro en un patrón similar a las manchas de un leopardo. Tiene ojos grandes y curiosos que siempre parecen estar explorando su entorno. ','3e1aba7b906eb2a9792e4de72a276b60.jpg','2','5');
REM INSERTING into HAPPYPAWS.PROVINCIA
SET DEFINE OFF;
Insert into HAPPYPAWS.PROVINCIA (IDPROVINCIA,NOMBRE) values ('1','San José');
Insert into HAPPYPAWS.PROVINCIA (IDPROVINCIA,NOMBRE) values ('2','Alajuela');
Insert into HAPPYPAWS.PROVINCIA (IDPROVINCIA,NOMBRE) values ('3','Cartago');
Insert into HAPPYPAWS.PROVINCIA (IDPROVINCIA,NOMBRE) values ('4','Heredia');
Insert into HAPPYPAWS.PROVINCIA (IDPROVINCIA,NOMBRE) values ('5','Guanacaste');
Insert into HAPPYPAWS.PROVINCIA (IDPROVINCIA,NOMBRE) values ('6','Puntarenas');
Insert into HAPPYPAWS.PROVINCIA (IDPROVINCIA,NOMBRE) values ('7','Limón');
REM INSERTING into HAPPYPAWS.ROL
SET DEFINE OFF;
Insert into HAPPYPAWS.ROL (IDROL,NOMBREROL) values ('1','Admin');
Insert into HAPPYPAWS.ROL (IDROL,NOMBREROL) values ('2','Medico');
Insert into HAPPYPAWS.ROL (IDROL,NOMBREROL) values ('3','User');
REM INSERTING into HAPPYPAWS.SERVICIOS
SET DEFINE OFF;
Insert into HAPPYPAWS.SERVICIOS (IDSERVICIO,SERVICIO,DESCRIPCION) values ('1','Medicina General','Consulta médica general para mascotas.');
Insert into HAPPYPAWS.SERVICIOS (IDSERVICIO,SERVICIO,DESCRIPCION) values ('2','Cirugía','Procedimientos quirúrgicos para mascotas.');
Insert into HAPPYPAWS.SERVICIOS (IDSERVICIO,SERVICIO,DESCRIPCION) values ('3','Castración','Servicios de castración para mascotas.');
Insert into HAPPYPAWS.SERVICIOS (IDSERVICIO,SERVICIO,DESCRIPCION) values ('4','Aseo de Mascotas','Servicios profesionales de aseo para mascotas.');
REM INSERTING into HAPPYPAWS.TIPOMASCOTA
SET DEFINE OFF;
Insert into HAPPYPAWS.TIPOMASCOTA (IDTIPOMASCOTA,TIPO) values ('1','Perro');
Insert into HAPPYPAWS.TIPOMASCOTA (IDTIPOMASCOTA,TIPO) values ('2','Gato');
--------------------------------------------------------
--  DDL for Index ASIGNACIONCITAS_PK
--------------------------------------------------------

  CREATE UNIQUE INDEX "HAPPYPAWS"."ASIGNACIONCITAS_PK" ON "HAPPYPAWS"."ASIGNACIONCITAS" ("IDASIGNACIONCITA") 
  PCTFREE 10 INITRANS 2 MAXTRANS 255 
  STORAGE(INITIAL 65536 NEXT 1048576 MINEXTENTS 1 MAXEXTENTS 2147483645
  PCTINCREASE 0 FREELISTS 1 FREELIST GROUPS 1
  BUFFER_POOL DEFAULT FLASH_CACHE DEFAULT CELL_FLASH_CACHE DEFAULT)
  TABLESPACE "HAPPYPAWS" ;
--------------------------------------------------------
--  DDL for Index CANTON_PK
--------------------------------------------------------

  CREATE UNIQUE INDEX "HAPPYPAWS"."CANTON_PK" ON "HAPPYPAWS"."CANTON" ("IDCANTON") 
  PCTFREE 10 INITRANS 2 MAXTRANS 255 
  STORAGE(INITIAL 65536 NEXT 1048576 MINEXTENTS 1 MAXEXTENTS 2147483645
  PCTINCREASE 0 FREELISTS 1 FREELIST GROUPS 1
  BUFFER_POOL DEFAULT FLASH_CACHE DEFAULT CELL_FLASH_CACHE DEFAULT)
  TABLESPACE "HAPPYPAWS" ;
--------------------------------------------------------
--  DDL for Index CARGO_PK
--------------------------------------------------------

  CREATE UNIQUE INDEX "HAPPYPAWS"."CARGO_PK" ON "HAPPYPAWS"."CARGO" ("IDCARGO") 
  PCTFREE 10 INITRANS 2 MAXTRANS 255 
  STORAGE(INITIAL 65536 NEXT 1048576 MINEXTENTS 1 MAXEXTENTS 2147483645
  PCTINCREASE 0 FREELISTS 1 FREELIST GROUPS 1
  BUFFER_POOL DEFAULT FLASH_CACHE DEFAULT CELL_FLASH_CACHE DEFAULT)
  TABLESPACE "HAPPYPAWS" ;
--------------------------------------------------------
--  DDL for Index CITAS_PK
--------------------------------------------------------

  CREATE UNIQUE INDEX "HAPPYPAWS"."CITAS_PK" ON "HAPPYPAWS"."CITAS" ("IDCITA") 
  PCTFREE 10 INITRANS 2 MAXTRANS 255 
  STORAGE(INITIAL 65536 NEXT 1048576 MINEXTENTS 1 MAXEXTENTS 2147483645
  PCTINCREASE 0 FREELISTS 1 FREELIST GROUPS 1
  BUFFER_POOL DEFAULT FLASH_CACHE DEFAULT CELL_FLASH_CACHE DEFAULT)
  TABLESPACE "HAPPYPAWS" ;
--------------------------------------------------------
--  DDL for Index CLIENTE_PK
--------------------------------------------------------

  CREATE UNIQUE INDEX "HAPPYPAWS"."CLIENTE_PK" ON "HAPPYPAWS"."CLIENTE" ("IDCLIENTE") 
  PCTFREE 10 INITRANS 2 MAXTRANS 255 
  STORAGE(INITIAL 65536 NEXT 1048576 MINEXTENTS 1 MAXEXTENTS 2147483645
  PCTINCREASE 0 FREELISTS 1 FREELIST GROUPS 1
  BUFFER_POOL DEFAULT FLASH_CACHE DEFAULT CELL_FLASH_CACHE DEFAULT)
  TABLESPACE "HAPPYPAWS" ;
--------------------------------------------------------
--  DDL for Index COLABORADORSERVICIO_PK
--------------------------------------------------------

  CREATE UNIQUE INDEX "HAPPYPAWS"."COLABORADORSERVICIO_PK" ON "HAPPYPAWS"."COLABORADORSERVICIO" ("IDSERVICIO", "IDCOLABORADOR") 
  PCTFREE 10 INITRANS 2 MAXTRANS 255 
  STORAGE(INITIAL 65536 NEXT 1048576 MINEXTENTS 1 MAXEXTENTS 2147483645
  PCTINCREASE 0 FREELISTS 1 FREELIST GROUPS 1
  BUFFER_POOL DEFAULT FLASH_CACHE DEFAULT CELL_FLASH_CACHE DEFAULT)
  TABLESPACE "HAPPYPAWS" ;
--------------------------------------------------------
--  DDL for Index COLABORADOR_PK
--------------------------------------------------------

  CREATE UNIQUE INDEX "HAPPYPAWS"."COLABORADOR_PK" ON "HAPPYPAWS"."COLABORADOR" ("IDCOLABORADOR") 
  PCTFREE 10 INITRANS 2 MAXTRANS 255 
  STORAGE(INITIAL 65536 NEXT 1048576 MINEXTENTS 1 MAXEXTENTS 2147483645
  PCTINCREASE 0 FREELISTS 1 FREELIST GROUPS 1
  BUFFER_POOL DEFAULT FLASH_CACHE DEFAULT CELL_FLASH_CACHE DEFAULT)
  TABLESPACE "HAPPYPAWS" ;
--------------------------------------------------------
--  DDL for Index DISTRITO_PK
--------------------------------------------------------

  CREATE UNIQUE INDEX "HAPPYPAWS"."DISTRITO_PK" ON "HAPPYPAWS"."DISTRITO" ("IDDISTRITO") 
  PCTFREE 10 INITRANS 2 MAXTRANS 255 
  STORAGE(INITIAL 65536 NEXT 1048576 MINEXTENTS 1 MAXEXTENTS 2147483645
  PCTINCREASE 0 FREELISTS 1 FREELIST GROUPS 1
  BUFFER_POOL DEFAULT FLASH_CACHE DEFAULT CELL_FLASH_CACHE DEFAULT)
  TABLESPACE "HAPPYPAWS" ;
--------------------------------------------------------
--  DDL for Index ESPECIALIDAD_PK
--------------------------------------------------------

  CREATE UNIQUE INDEX "HAPPYPAWS"."ESPECIALIDAD_PK" ON "HAPPYPAWS"."ESPECIALIDAD" ("IDESPECIALIDAD") 
  PCTFREE 10 INITRANS 2 MAXTRANS 255 
  STORAGE(INITIAL 65536 NEXT 1048576 MINEXTENTS 1 MAXEXTENTS 2147483645
  PCTINCREASE 0 FREELISTS 1 FREELIST GROUPS 1
  BUFFER_POOL DEFAULT FLASH_CACHE DEFAULT CELL_FLASH_CACHE DEFAULT)
  TABLESPACE "HAPPYPAWS" ;
--------------------------------------------------------
--  DDL for Index ESTADO_PK
--------------------------------------------------------

  CREATE UNIQUE INDEX "HAPPYPAWS"."ESTADO_PK" ON "HAPPYPAWS"."ESTADO" ("IDESTADO") 
  PCTFREE 10 INITRANS 2 MAXTRANS 255 
  STORAGE(INITIAL 65536 NEXT 1048576 MINEXTENTS 1 MAXEXTENTS 2147483645
  PCTINCREASE 0 FREELISTS 1 FREELIST GROUPS 1
  BUFFER_POOL DEFAULT FLASH_CACHE DEFAULT CELL_FLASH_CACHE DEFAULT)
  TABLESPACE "HAPPYPAWS" ;
--------------------------------------------------------
--  DDL for Index EVENTOS_PK
--------------------------------------------------------

  CREATE UNIQUE INDEX "HAPPYPAWS"."EVENTOS_PK" ON "HAPPYPAWS"."EVENTOS" ("IDEVENTO") 
  PCTFREE 10 INITRANS 2 MAXTRANS 255 
  STORAGE(INITIAL 65536 NEXT 1048576 MINEXTENTS 1 MAXEXTENTS 2147483645
  PCTINCREASE 0 FREELISTS 1 FREELIST GROUPS 1
  BUFFER_POOL DEFAULT FLASH_CACHE DEFAULT CELL_FLASH_CACHE DEFAULT)
  TABLESPACE "HAPPYPAWS" ;
--------------------------------------------------------
--  DDL for Index HISTORIALMEDICO_PK
--------------------------------------------------------

  CREATE UNIQUE INDEX "HAPPYPAWS"."HISTORIALMEDICO_PK" ON "HAPPYPAWS"."HISTORIALMEDICO" ("IDHMEDICO") 
  PCTFREE 10 INITRANS 2 MAXTRANS 255 
  STORAGE(INITIAL 65536 NEXT 1048576 MINEXTENTS 1 MAXEXTENTS 2147483645
  PCTINCREASE 0 FREELISTS 1 FREELIST GROUPS 1
  BUFFER_POOL DEFAULT FLASH_CACHE DEFAULT CELL_FLASH_CACHE DEFAULT)
  TABLESPACE "HAPPYPAWS" ;
--------------------------------------------------------
--  DDL for Index HORARIOCITAS_PK
--------------------------------------------------------

  CREATE UNIQUE INDEX "HAPPYPAWS"."HORARIOCITAS_PK" ON "HAPPYPAWS"."HORARIOCITAS" ("IDHORARIO") 
  PCTFREE 10 INITRANS 2 MAXTRANS 255 
  STORAGE(INITIAL 65536 NEXT 1048576 MINEXTENTS 1 MAXEXTENTS 2147483645
  PCTINCREASE 0 FREELISTS 1 FREELIST GROUPS 1
  BUFFER_POOL DEFAULT FLASH_CACHE DEFAULT CELL_FLASH_CACHE DEFAULT)
  TABLESPACE "HAPPYPAWS" ;
--------------------------------------------------------
--  DDL for Index MASCOTA_PK
--------------------------------------------------------

  CREATE UNIQUE INDEX "HAPPYPAWS"."MASCOTA_PK" ON "HAPPYPAWS"."MASCOTA" ("IDMASCOTA") 
  PCTFREE 10 INITRANS 2 MAXTRANS 255 
  STORAGE(INITIAL 65536 NEXT 1048576 MINEXTENTS 1 MAXEXTENTS 2147483645
  PCTINCREASE 0 FREELISTS 1 FREELIST GROUPS 1
  BUFFER_POOL DEFAULT FLASH_CACHE DEFAULT CELL_FLASH_CACHE DEFAULT)
  TABLESPACE "HAPPYPAWS" ;
--------------------------------------------------------
--  DDL for Index PK_ROL
--------------------------------------------------------

  CREATE UNIQUE INDEX "HAPPYPAWS"."PK_ROL" ON "HAPPYPAWS"."ROL" ("IDROL") 
  PCTFREE 10 INITRANS 2 MAXTRANS 255 
  STORAGE(INITIAL 65536 NEXT 1048576 MINEXTENTS 1 MAXEXTENTS 2147483645
  PCTINCREASE 0 FREELISTS 1 FREELIST GROUPS 1
  BUFFER_POOL DEFAULT FLASH_CACHE DEFAULT CELL_FLASH_CACHE DEFAULT)
  TABLESPACE "HAPPYPAWS" ;
--------------------------------------------------------
--  DDL for Index PROVINCIA_PK
--------------------------------------------------------

  CREATE UNIQUE INDEX "HAPPYPAWS"."PROVINCIA_PK" ON "HAPPYPAWS"."PROVINCIA" ("IDPROVINCIA") 
  PCTFREE 10 INITRANS 2 MAXTRANS 255 
  STORAGE(INITIAL 65536 NEXT 1048576 MINEXTENTS 1 MAXEXTENTS 2147483645
  PCTINCREASE 0 FREELISTS 1 FREELIST GROUPS 1
  BUFFER_POOL DEFAULT FLASH_CACHE DEFAULT CELL_FLASH_CACHE DEFAULT)
  TABLESPACE "HAPPYPAWS" ;
--------------------------------------------------------
--  DDL for Index SERVICIOS_PK
--------------------------------------------------------

  CREATE UNIQUE INDEX "HAPPYPAWS"."SERVICIOS_PK" ON "HAPPYPAWS"."SERVICIOS" ("IDSERVICIO") 
  PCTFREE 10 INITRANS 2 MAXTRANS 255 
  STORAGE(INITIAL 65536 NEXT 1048576 MINEXTENTS 1 MAXEXTENTS 2147483645
  PCTINCREASE 0 FREELISTS 1 FREELIST GROUPS 1
  BUFFER_POOL DEFAULT FLASH_CACHE DEFAULT CELL_FLASH_CACHE DEFAULT)
  TABLESPACE "HAPPYPAWS" ;
--------------------------------------------------------
--  DDL for Index TIPOMASCOTA_PK
--------------------------------------------------------

  CREATE UNIQUE INDEX "HAPPYPAWS"."TIPOMASCOTA_PK" ON "HAPPYPAWS"."TIPOMASCOTA" ("IDTIPOMASCOTA") 
  PCTFREE 10 INITRANS 2 MAXTRANS 255 
  STORAGE(INITIAL 65536 NEXT 1048576 MINEXTENTS 1 MAXEXTENTS 2147483645
  PCTINCREASE 0 FREELISTS 1 FREELIST GROUPS 1
  BUFFER_POOL DEFAULT FLASH_CACHE DEFAULT CELL_FLASH_CACHE DEFAULT)
  TABLESPACE "HAPPYPAWS" ;
--------------------------------------------------------
--  DDL for Procedure INSERTCLIENTENUEVO
--------------------------------------------------------
set define off;

  CREATE OR REPLACE NONEDITIONABLE PROCEDURE "HAPPYPAWS"."INSERTCLIENTENUEVO" (
    correo IN VARCHAR2,
    contrasena IN VARCHAR2,
   resultado OUT NUMBER
) AS
BEGIN    
    DECLARE
        passHash RAW(128);
    BEGIN
     passHash := DBMS_CRYPTO.HASH(
            src => UTL_RAW.CAST_TO_RAW(contrasena),
            typ => DBMS_CRYPTO.HASH_SH256
        );

        INSERT INTO cliente (correo, contrasena) VALUES (correo, passHash);

    resultado := 1; 
    EXCEPTION
        WHEN DUP_VAL_ON_INDEX THEN
            resultado := 2; 
        WHEN OTHERS THEN
            resultado := 0;
    END; 
END;

/
--------------------------------------------------------
--  DDL for Procedure OBTENERCLIENTEPORCORREO
--------------------------------------------------------
set define off;

  CREATE OR REPLACE NONEDITIONABLE PROCEDURE "HAPPYPAWS"."OBTENERCLIENTEPORCORREO" (
    V_Correo IN VARCHAR2,
    V_idCliente OUT NUMBER,
    V_idRol OUT NUMBER,
    V_nombre OUT NUMBER,
    V_apellido1 OUT NUMBER,
    V_apellido2 OUT NUMBER,
    resultado OUT NUMBER
    )as
    BEGIN
        SELECT idCliente, idRol, nombre, apellido1, apellido2 
        INTO V_idCliente,V_idRol,V_nombre,V_apellido1,V_apellido2
        FROM cliente WHERE correo = V_Correo;
        resultado := 1;
        EXCEPTION
        WHEN NO_DATA_FOUND THEN
        resultado := 0;
    END;

/
--------------------------------------------------------
--  DDL for Procedure VALIDARCREDENCIALES
--------------------------------------------------------
set define off;

  CREATE OR REPLACE NONEDITIONABLE PROCEDURE "HAPPYPAWS"."VALIDARCREDENCIALES" (
    v_Correo     IN VARCHAR2,
    v_Contrasena IN VARCHAR2,
    RESULTADO OUT NUMBER
)AS 
 CONSULT_CORREO VARCHAR2(20);
 CONSULT_CONTRASENA VARCHAR2(250);
BEGIN
  DECLARE
        passHash RAW(128);
    BEGIN
     passHash := DBMS_CRYPTO.HASH(
            src => UTL_RAW.CAST_TO_RAW(v_Contrasena),
            typ => DBMS_CRYPTO.HASH_SH256
        );        
  SELECT CORREO,CONTRASENA INTO CONSULT_CORREO,CONSULT_CONTRASENA FROM CLIENTE WHERE CORREO = v_Correo and CONTRASENA = passHash; 
   resultado := 1;  
   EXCEPTION
   when OTHERS THEN
   resultado := 0;   
    END;  
END;

/
--------------------------------------------------------
--  Constraints for Table ESPECIALIDAD
--------------------------------------------------------

  ALTER TABLE "HAPPYPAWS"."ESPECIALIDAD" MODIFY ("IDESPECIALIDAD" NOT NULL ENABLE);
  ALTER TABLE "HAPPYPAWS"."ESPECIALIDAD" MODIFY ("ESPECIALIDAD" NOT NULL ENABLE);
  ALTER TABLE "HAPPYPAWS"."ESPECIALIDAD" ADD CONSTRAINT "ESPECIALIDAD_PK" PRIMARY KEY ("IDESPECIALIDAD")
  USING INDEX PCTFREE 10 INITRANS 2 MAXTRANS 255 
  STORAGE(INITIAL 65536 NEXT 1048576 MINEXTENTS 1 MAXEXTENTS 2147483645
  PCTINCREASE 0 FREELISTS 1 FREELIST GROUPS 1
  BUFFER_POOL DEFAULT FLASH_CACHE DEFAULT CELL_FLASH_CACHE DEFAULT)
  TABLESPACE "HAPPYPAWS"  ENABLE;
--------------------------------------------------------
--  Constraints for Table ASIGNACIONCITAS
--------------------------------------------------------

  ALTER TABLE "HAPPYPAWS"."ASIGNACIONCITAS" MODIFY ("IDASIGNACIONCITA" NOT NULL ENABLE);
  ALTER TABLE "HAPPYPAWS"."ASIGNACIONCITAS" MODIFY ("IDCITA" NOT NULL ENABLE);
  ALTER TABLE "HAPPYPAWS"."ASIGNACIONCITAS" MODIFY ("IDCOLABORADOR" NOT NULL ENABLE);
  ALTER TABLE "HAPPYPAWS"."ASIGNACIONCITAS" ADD CONSTRAINT "ASIGNACIONCITAS_PK" PRIMARY KEY ("IDASIGNACIONCITA")
  USING INDEX PCTFREE 10 INITRANS 2 MAXTRANS 255 
  STORAGE(INITIAL 65536 NEXT 1048576 MINEXTENTS 1 MAXEXTENTS 2147483645
  PCTINCREASE 0 FREELISTS 1 FREELIST GROUPS 1
  BUFFER_POOL DEFAULT FLASH_CACHE DEFAULT CELL_FLASH_CACHE DEFAULT)
  TABLESPACE "HAPPYPAWS"  ENABLE;
--------------------------------------------------------
--  Constraints for Table EVENTOS
--------------------------------------------------------

  ALTER TABLE "HAPPYPAWS"."EVENTOS" MODIFY ("IDEVENTO" NOT NULL ENABLE);
  ALTER TABLE "HAPPYPAWS"."EVENTOS" MODIFY ("LUGAR" NOT NULL ENABLE);
  ALTER TABLE "HAPPYPAWS"."EVENTOS" MODIFY ("IDPROVINCIA" NOT NULL ENABLE);
  ALTER TABLE "HAPPYPAWS"."EVENTOS" MODIFY ("IDCANTON" NOT NULL ENABLE);
  ALTER TABLE "HAPPYPAWS"."EVENTOS" MODIFY ("IDDISTRITO" NOT NULL ENABLE);
  ALTER TABLE "HAPPYPAWS"."EVENTOS" MODIFY ("NOMBREEVENTO" NOT NULL ENABLE);
  ALTER TABLE "HAPPYPAWS"."EVENTOS" ADD CONSTRAINT "EVENTOS_PK" PRIMARY KEY ("IDEVENTO")
  USING INDEX PCTFREE 10 INITRANS 2 MAXTRANS 255 
  STORAGE(INITIAL 65536 NEXT 1048576 MINEXTENTS 1 MAXEXTENTS 2147483645
  PCTINCREASE 0 FREELISTS 1 FREELIST GROUPS 1
  BUFFER_POOL DEFAULT FLASH_CACHE DEFAULT CELL_FLASH_CACHE DEFAULT)
  TABLESPACE "HAPPYPAWS"  ENABLE;
--------------------------------------------------------
--  Constraints for Table HISTORIALMEDICO
--------------------------------------------------------

  ALTER TABLE "HAPPYPAWS"."HISTORIALMEDICO" MODIFY ("IDHMEDICO" NOT NULL ENABLE);
  ALTER TABLE "HAPPYPAWS"."HISTORIALMEDICO" MODIFY ("DETALLECITA" NOT NULL ENABLE);
  ALTER TABLE "HAPPYPAWS"."HISTORIALMEDICO" MODIFY ("IDMASCOTA" NOT NULL ENABLE);
  ALTER TABLE "HAPPYPAWS"."HISTORIALMEDICO" MODIFY ("IDCOLABORADOR" NOT NULL ENABLE);
  ALTER TABLE "HAPPYPAWS"."HISTORIALMEDICO" MODIFY ("IDCITA" NOT NULL ENABLE);
  ALTER TABLE "HAPPYPAWS"."HISTORIALMEDICO" ADD CONSTRAINT "HISTORIALMEDICO_PK" PRIMARY KEY ("IDHMEDICO")
  USING INDEX PCTFREE 10 INITRANS 2 MAXTRANS 255 
  STORAGE(INITIAL 65536 NEXT 1048576 MINEXTENTS 1 MAXEXTENTS 2147483645
  PCTINCREASE 0 FREELISTS 1 FREELIST GROUPS 1
  BUFFER_POOL DEFAULT FLASH_CACHE DEFAULT CELL_FLASH_CACHE DEFAULT)
  TABLESPACE "HAPPYPAWS"  ENABLE;
--------------------------------------------------------
--  Constraints for Table PROVINCIA
--------------------------------------------------------

  ALTER TABLE "HAPPYPAWS"."PROVINCIA" MODIFY ("IDPROVINCIA" NOT NULL ENABLE);
  ALTER TABLE "HAPPYPAWS"."PROVINCIA" MODIFY ("NOMBRE" NOT NULL ENABLE);
  ALTER TABLE "HAPPYPAWS"."PROVINCIA" ADD CONSTRAINT "PROVINCIA_PK" PRIMARY KEY ("IDPROVINCIA")
  USING INDEX PCTFREE 10 INITRANS 2 MAXTRANS 255 
  STORAGE(INITIAL 65536 NEXT 1048576 MINEXTENTS 1 MAXEXTENTS 2147483645
  PCTINCREASE 0 FREELISTS 1 FREELIST GROUPS 1
  BUFFER_POOL DEFAULT FLASH_CACHE DEFAULT CELL_FLASH_CACHE DEFAULT)
  TABLESPACE "HAPPYPAWS"  ENABLE;
--------------------------------------------------------
--  Constraints for Table COLABORADORSERVICIO
--------------------------------------------------------

  ALTER TABLE "HAPPYPAWS"."COLABORADORSERVICIO" MODIFY ("IDSERVICIO" NOT NULL ENABLE);
  ALTER TABLE "HAPPYPAWS"."COLABORADORSERVICIO" MODIFY ("IDCOLABORADOR" NOT NULL ENABLE);
  ALTER TABLE "HAPPYPAWS"."COLABORADORSERVICIO" ADD CONSTRAINT "COLABORADORSERVICIO_PK" PRIMARY KEY ("IDSERVICIO", "IDCOLABORADOR")
  USING INDEX PCTFREE 10 INITRANS 2 MAXTRANS 255 
  STORAGE(INITIAL 65536 NEXT 1048576 MINEXTENTS 1 MAXEXTENTS 2147483645
  PCTINCREASE 0 FREELISTS 1 FREELIST GROUPS 1
  BUFFER_POOL DEFAULT FLASH_CACHE DEFAULT CELL_FLASH_CACHE DEFAULT)
  TABLESPACE "HAPPYPAWS"  ENABLE;
--------------------------------------------------------
--  Constraints for Table CLIENTE
--------------------------------------------------------

  ALTER TABLE "HAPPYPAWS"."CLIENTE" MODIFY ("IDCLIENTE" NOT NULL ENABLE);
  ALTER TABLE "HAPPYPAWS"."CLIENTE" MODIFY ("IDROL" NOT NULL ENABLE);
  ALTER TABLE "HAPPYPAWS"."CLIENTE" MODIFY ("CORREO" NOT NULL ENABLE);
  ALTER TABLE "HAPPYPAWS"."CLIENTE" MODIFY ("CONTRASENA" NOT NULL ENABLE);
  ALTER TABLE "HAPPYPAWS"."CLIENTE" ADD CONSTRAINT "CLIENTE_PK" PRIMARY KEY ("IDCLIENTE")
  USING INDEX PCTFREE 10 INITRANS 2 MAXTRANS 255 
  STORAGE(INITIAL 65536 NEXT 1048576 MINEXTENTS 1 MAXEXTENTS 2147483645
  PCTINCREASE 0 FREELISTS 1 FREELIST GROUPS 1
  BUFFER_POOL DEFAULT FLASH_CACHE DEFAULT CELL_FLASH_CACHE DEFAULT)
  TABLESPACE "HAPPYPAWS"  ENABLE;
--------------------------------------------------------
--  Constraints for Table CITAS
--------------------------------------------------------

  ALTER TABLE "HAPPYPAWS"."CITAS" MODIFY ("IDCITA" NOT NULL ENABLE);
  ALTER TABLE "HAPPYPAWS"."CITAS" MODIFY ("IDCLIENTE" NOT NULL ENABLE);
  ALTER TABLE "HAPPYPAWS"."CITAS" MODIFY ("IDMASCOTA" NOT NULL ENABLE);
  ALTER TABLE "HAPPYPAWS"."CITAS" MODIFY ("IDSERVICIO" NOT NULL ENABLE);
  ALTER TABLE "HAPPYPAWS"."CITAS" MODIFY ("IDHORARIO" NOT NULL ENABLE);
  ALTER TABLE "HAPPYPAWS"."CITAS" MODIFY ("IDESTADO" NOT NULL ENABLE);
  ALTER TABLE "HAPPYPAWS"."CITAS" ADD CONSTRAINT "CITAS_PK" PRIMARY KEY ("IDCITA")
  USING INDEX PCTFREE 10 INITRANS 2 MAXTRANS 255 
  STORAGE(INITIAL 65536 NEXT 1048576 MINEXTENTS 1 MAXEXTENTS 2147483645
  PCTINCREASE 0 FREELISTS 1 FREELIST GROUPS 1
  BUFFER_POOL DEFAULT FLASH_CACHE DEFAULT CELL_FLASH_CACHE DEFAULT)
  TABLESPACE "HAPPYPAWS"  ENABLE;
--------------------------------------------------------
--  Constraints for Table DISTRITO
--------------------------------------------------------

  ALTER TABLE "HAPPYPAWS"."DISTRITO" MODIFY ("IDDISTRITO" NOT NULL ENABLE);
  ALTER TABLE "HAPPYPAWS"."DISTRITO" MODIFY ("NOMBRE" NOT NULL ENABLE);
  ALTER TABLE "HAPPYPAWS"."DISTRITO" MODIFY ("IDCANTON" NOT NULL ENABLE);
  ALTER TABLE "HAPPYPAWS"."DISTRITO" ADD CONSTRAINT "DISTRITO_PK" PRIMARY KEY ("IDDISTRITO")
  USING INDEX PCTFREE 10 INITRANS 2 MAXTRANS 255 
  STORAGE(INITIAL 65536 NEXT 1048576 MINEXTENTS 1 MAXEXTENTS 2147483645
  PCTINCREASE 0 FREELISTS 1 FREELIST GROUPS 1
  BUFFER_POOL DEFAULT FLASH_CACHE DEFAULT CELL_FLASH_CACHE DEFAULT)
  TABLESPACE "HAPPYPAWS"  ENABLE;
--------------------------------------------------------
--  Constraints for Table TIPOMASCOTA
--------------------------------------------------------

  ALTER TABLE "HAPPYPAWS"."TIPOMASCOTA" MODIFY ("IDTIPOMASCOTA" NOT NULL ENABLE);
  ALTER TABLE "HAPPYPAWS"."TIPOMASCOTA" ADD CONSTRAINT "TIPOMASCOTA_PK" PRIMARY KEY ("IDTIPOMASCOTA")
  USING INDEX PCTFREE 10 INITRANS 2 MAXTRANS 255 
  STORAGE(INITIAL 65536 NEXT 1048576 MINEXTENTS 1 MAXEXTENTS 2147483645
  PCTINCREASE 0 FREELISTS 1 FREELIST GROUPS 1
  BUFFER_POOL DEFAULT FLASH_CACHE DEFAULT CELL_FLASH_CACHE DEFAULT)
  TABLESPACE "HAPPYPAWS"  ENABLE;
--------------------------------------------------------
--  Constraints for Table COLABORADOR
--------------------------------------------------------

  ALTER TABLE "HAPPYPAWS"."COLABORADOR" MODIFY ("IDCOLABORADOR" NOT NULL ENABLE);
  ALTER TABLE "HAPPYPAWS"."COLABORADOR" MODIFY ("IDCARGO" NOT NULL ENABLE);
  ALTER TABLE "HAPPYPAWS"."COLABORADOR" MODIFY ("IDESPECIALIDAD" NOT NULL ENABLE);
  ALTER TABLE "HAPPYPAWS"."COLABORADOR" MODIFY ("IDROL" NOT NULL ENABLE);
  ALTER TABLE "HAPPYPAWS"."COLABORADOR" MODIFY ("CORREO" NOT NULL ENABLE);
  ALTER TABLE "HAPPYPAWS"."COLABORADOR" MODIFY ("CONTRASENA" NOT NULL ENABLE);
  ALTER TABLE "HAPPYPAWS"."COLABORADOR" ADD CONSTRAINT "COLABORADOR_PK" PRIMARY KEY ("IDCOLABORADOR")
  USING INDEX PCTFREE 10 INITRANS 2 MAXTRANS 255 
  STORAGE(INITIAL 65536 NEXT 1048576 MINEXTENTS 1 MAXEXTENTS 2147483645
  PCTINCREASE 0 FREELISTS 1 FREELIST GROUPS 1
  BUFFER_POOL DEFAULT FLASH_CACHE DEFAULT CELL_FLASH_CACHE DEFAULT)
  TABLESPACE "HAPPYPAWS"  ENABLE;
--------------------------------------------------------
--  Constraints for Table ESTADO
--------------------------------------------------------

  ALTER TABLE "HAPPYPAWS"."ESTADO" MODIFY ("IDESTADO" NOT NULL ENABLE);
  ALTER TABLE "HAPPYPAWS"."ESTADO" MODIFY ("ESTADO" NOT NULL ENABLE);
  ALTER TABLE "HAPPYPAWS"."ESTADO" ADD CONSTRAINT "ESTADO_PK" PRIMARY KEY ("IDESTADO")
  USING INDEX PCTFREE 10 INITRANS 2 MAXTRANS 255 
  STORAGE(INITIAL 65536 NEXT 1048576 MINEXTENTS 1 MAXEXTENTS 2147483645
  PCTINCREASE 0 FREELISTS 1 FREELIST GROUPS 1
  BUFFER_POOL DEFAULT FLASH_CACHE DEFAULT CELL_FLASH_CACHE DEFAULT)
  TABLESPACE "HAPPYPAWS"  ENABLE;
--------------------------------------------------------
--  Constraints for Table HORARIOCITAS
--------------------------------------------------------

  ALTER TABLE "HAPPYPAWS"."HORARIOCITAS" MODIFY ("IDHORARIO" NOT NULL ENABLE);
  ALTER TABLE "HAPPYPAWS"."HORARIOCITAS" ADD CHECK (REGEXP_LIKE(horaInicio, '^[0-2][0-9]:[0-5][0-9]:[0-5][0-9]$')) ENABLE;
  ALTER TABLE "HAPPYPAWS"."HORARIOCITAS" ADD CHECK (REGEXP_LIKE(horaFin, '^[0-2][0-9]:[0-5][0-9]:[0-5][0-9]$')) ENABLE;
  ALTER TABLE "HAPPYPAWS"."HORARIOCITAS" ADD CONSTRAINT "HORARIOCITAS_PK" PRIMARY KEY ("IDHORARIO")
  USING INDEX PCTFREE 10 INITRANS 2 MAXTRANS 255 
  STORAGE(INITIAL 65536 NEXT 1048576 MINEXTENTS 1 MAXEXTENTS 2147483645
  PCTINCREASE 0 FREELISTS 1 FREELIST GROUPS 1
  BUFFER_POOL DEFAULT FLASH_CACHE DEFAULT CELL_FLASH_CACHE DEFAULT)
  TABLESPACE "HAPPYPAWS"  ENABLE;
--------------------------------------------------------
--  Constraints for Table MASCOTA
--------------------------------------------------------

  ALTER TABLE "HAPPYPAWS"."MASCOTA" MODIFY ("IDMASCOTA" NOT NULL ENABLE);
  ALTER TABLE "HAPPYPAWS"."MASCOTA" MODIFY ("NOMBRE" NOT NULL ENABLE);
  ALTER TABLE "HAPPYPAWS"."MASCOTA" MODIFY ("DESCRIPCION" NOT NULL ENABLE);
  ALTER TABLE "HAPPYPAWS"."MASCOTA" MODIFY ("IDTIPOMASCOTA" NOT NULL ENABLE);
  ALTER TABLE "HAPPYPAWS"."MASCOTA" MODIFY ("IDCLIENTE" NOT NULL ENABLE);
  ALTER TABLE "HAPPYPAWS"."MASCOTA" ADD CONSTRAINT "MASCOTA_PK" PRIMARY KEY ("IDMASCOTA")
  USING INDEX PCTFREE 10 INITRANS 2 MAXTRANS 255 
  STORAGE(INITIAL 65536 NEXT 1048576 MINEXTENTS 1 MAXEXTENTS 2147483645
  PCTINCREASE 0 FREELISTS 1 FREELIST GROUPS 1
  BUFFER_POOL DEFAULT FLASH_CACHE DEFAULT CELL_FLASH_CACHE DEFAULT)
  TABLESPACE "HAPPYPAWS"  ENABLE;
--------------------------------------------------------
--  Constraints for Table CANTON
--------------------------------------------------------

  ALTER TABLE "HAPPYPAWS"."CANTON" MODIFY ("IDCANTON" NOT NULL ENABLE);
  ALTER TABLE "HAPPYPAWS"."CANTON" MODIFY ("NOMBRE" NOT NULL ENABLE);
  ALTER TABLE "HAPPYPAWS"."CANTON" MODIFY ("IDPROVINCIA" NOT NULL ENABLE);
  ALTER TABLE "HAPPYPAWS"."CANTON" ADD CONSTRAINT "CANTON_PK" PRIMARY KEY ("IDCANTON")
  USING INDEX PCTFREE 10 INITRANS 2 MAXTRANS 255 
  STORAGE(INITIAL 65536 NEXT 1048576 MINEXTENTS 1 MAXEXTENTS 2147483645
  PCTINCREASE 0 FREELISTS 1 FREELIST GROUPS 1
  BUFFER_POOL DEFAULT FLASH_CACHE DEFAULT CELL_FLASH_CACHE DEFAULT)
  TABLESPACE "HAPPYPAWS"  ENABLE;
--------------------------------------------------------
--  Constraints for Table CARGO
--------------------------------------------------------

  ALTER TABLE "HAPPYPAWS"."CARGO" MODIFY ("IDCARGO" NOT NULL ENABLE);
  ALTER TABLE "HAPPYPAWS"."CARGO" ADD CONSTRAINT "CARGO_PK" PRIMARY KEY ("IDCARGO")
  USING INDEX PCTFREE 10 INITRANS 2 MAXTRANS 255 
  STORAGE(INITIAL 65536 NEXT 1048576 MINEXTENTS 1 MAXEXTENTS 2147483645
  PCTINCREASE 0 FREELISTS 1 FREELIST GROUPS 1
  BUFFER_POOL DEFAULT FLASH_CACHE DEFAULT CELL_FLASH_CACHE DEFAULT)
  TABLESPACE "HAPPYPAWS"  ENABLE;
--------------------------------------------------------
--  Constraints for Table ROL
--------------------------------------------------------

  ALTER TABLE "HAPPYPAWS"."ROL" MODIFY ("IDROL" NOT NULL ENABLE);
  ALTER TABLE "HAPPYPAWS"."ROL" MODIFY ("NOMBREROL" NOT NULL ENABLE);
  ALTER TABLE "HAPPYPAWS"."ROL" ADD CONSTRAINT "PK_ROL" PRIMARY KEY ("IDROL")
  USING INDEX PCTFREE 10 INITRANS 2 MAXTRANS 255 
  STORAGE(INITIAL 65536 NEXT 1048576 MINEXTENTS 1 MAXEXTENTS 2147483645
  PCTINCREASE 0 FREELISTS 1 FREELIST GROUPS 1
  BUFFER_POOL DEFAULT FLASH_CACHE DEFAULT CELL_FLASH_CACHE DEFAULT)
  TABLESPACE "HAPPYPAWS"  ENABLE;
--------------------------------------------------------
--  Constraints for Table SERVICIOS
--------------------------------------------------------

  ALTER TABLE "HAPPYPAWS"."SERVICIOS" MODIFY ("IDSERVICIO" NOT NULL ENABLE);
  ALTER TABLE "HAPPYPAWS"."SERVICIOS" ADD CONSTRAINT "SERVICIOS_PK" PRIMARY KEY ("IDSERVICIO")
  USING INDEX PCTFREE 10 INITRANS 2 MAXTRANS 255 
  STORAGE(INITIAL 65536 NEXT 1048576 MINEXTENTS 1 MAXEXTENTS 2147483645
  PCTINCREASE 0 FREELISTS 1 FREELIST GROUPS 1
  BUFFER_POOL DEFAULT FLASH_CACHE DEFAULT CELL_FLASH_CACHE DEFAULT)
  TABLESPACE "HAPPYPAWS"  ENABLE;
--------------------------------------------------------
--  Ref Constraints for Table ASIGNACIONCITAS
--------------------------------------------------------

  ALTER TABLE "HAPPYPAWS"."ASIGNACIONCITAS" ADD CONSTRAINT "FK_ASIGNACION_CITA" FOREIGN KEY ("IDCITA")
	  REFERENCES "HAPPYPAWS"."CITAS" ("IDCITA") ENABLE;
  ALTER TABLE "HAPPYPAWS"."ASIGNACIONCITAS" ADD CONSTRAINT "FK_ASIGNACION_COLABORADOR" FOREIGN KEY ("IDCOLABORADOR")
	  REFERENCES "HAPPYPAWS"."COLABORADOR" ("IDCOLABORADOR") ENABLE;
--------------------------------------------------------
--  Ref Constraints for Table CANTON
--------------------------------------------------------

  ALTER TABLE "HAPPYPAWS"."CANTON" ADD CONSTRAINT "FK_CANTON_PROVINCIA" FOREIGN KEY ("IDPROVINCIA")
	  REFERENCES "HAPPYPAWS"."PROVINCIA" ("IDPROVINCIA") ENABLE;
--------------------------------------------------------
--  Ref Constraints for Table CITAS
--------------------------------------------------------

  ALTER TABLE "HAPPYPAWS"."CITAS" ADD CONSTRAINT "FK_CITAS_HORARIO" FOREIGN KEY ("IDHORARIO")
	  REFERENCES "HAPPYPAWS"."HORARIOCITAS" ("IDHORARIO") ENABLE;
  ALTER TABLE "HAPPYPAWS"."CITAS" ADD CONSTRAINT "FK_CITAS_MASCOTA" FOREIGN KEY ("IDMASCOTA")
	  REFERENCES "HAPPYPAWS"."MASCOTA" ("IDMASCOTA") ENABLE;
  ALTER TABLE "HAPPYPAWS"."CITAS" ADD CONSTRAINT "FK_CITAS_SERVICIO" FOREIGN KEY ("IDSERVICIO")
	  REFERENCES "HAPPYPAWS"."SERVICIOS" ("IDSERVICIO") ENABLE;
  ALTER TABLE "HAPPYPAWS"."CITAS" ADD CONSTRAINT "FK_CITAS_CLIENTE" FOREIGN KEY ("IDCLIENTE")
	  REFERENCES "HAPPYPAWS"."CLIENTE" ("IDCLIENTE") ENABLE;
  ALTER TABLE "HAPPYPAWS"."CITAS" ADD CONSTRAINT "FK_CITAS_ESTADO" FOREIGN KEY ("IDESTADO")
	  REFERENCES "HAPPYPAWS"."ESTADO" ("IDESTADO") ENABLE;
--------------------------------------------------------
--  Ref Constraints for Table CLIENTE
--------------------------------------------------------

  ALTER TABLE "HAPPYPAWS"."CLIENTE" ADD CONSTRAINT "FK_CLIENTE_PROVINCIA" FOREIGN KEY ("IDPROVINCIA")
	  REFERENCES "HAPPYPAWS"."PROVINCIA" ("IDPROVINCIA") ENABLE;
  ALTER TABLE "HAPPYPAWS"."CLIENTE" ADD CONSTRAINT "FK_CLIENTE_CANTON" FOREIGN KEY ("IDCANTON")
	  REFERENCES "HAPPYPAWS"."CANTON" ("IDCANTON") ENABLE;
  ALTER TABLE "HAPPYPAWS"."CLIENTE" ADD CONSTRAINT "FK_CLIENTE_DISTRITO" FOREIGN KEY ("IDDISTRITO")
	  REFERENCES "HAPPYPAWS"."DISTRITO" ("IDDISTRITO") ENABLE;
  ALTER TABLE "HAPPYPAWS"."CLIENTE" ADD CONSTRAINT "FK_CLIENTE_ROL" FOREIGN KEY ("IDROL")
	  REFERENCES "HAPPYPAWS"."ROL" ("IDROL") ENABLE;
--------------------------------------------------------
--  Ref Constraints for Table COLABORADOR
--------------------------------------------------------

  ALTER TABLE "HAPPYPAWS"."COLABORADOR" ADD CONSTRAINT "FK_COLABORADOR_CARGO" FOREIGN KEY ("IDCARGO")
	  REFERENCES "HAPPYPAWS"."CARGO" ("IDCARGO") ENABLE;
  ALTER TABLE "HAPPYPAWS"."COLABORADOR" ADD CONSTRAINT "FK_COLABORADOR_ESPECIALIDAD" FOREIGN KEY ("IDESPECIALIDAD")
	  REFERENCES "HAPPYPAWS"."ESPECIALIDAD" ("IDESPECIALIDAD") ENABLE;
  ALTER TABLE "HAPPYPAWS"."COLABORADOR" ADD CONSTRAINT "FK_COLABORADOR_ROL" FOREIGN KEY ("IDROL")
	  REFERENCES "HAPPYPAWS"."ROL" ("IDROL") ENABLE;
--------------------------------------------------------
--  Ref Constraints for Table COLABORADORSERVICIO
--------------------------------------------------------

  ALTER TABLE "HAPPYPAWS"."COLABORADORSERVICIO" ADD CONSTRAINT "FK_COLABORADOR_SERVICIO" FOREIGN KEY ("IDSERVICIO")
	  REFERENCES "HAPPYPAWS"."SERVICIOS" ("IDSERVICIO") ENABLE;
  ALTER TABLE "HAPPYPAWS"."COLABORADORSERVICIO" ADD CONSTRAINT "FK_SERVICIOCOLABORADOR" FOREIGN KEY ("IDCOLABORADOR")
	  REFERENCES "HAPPYPAWS"."COLABORADOR" ("IDCOLABORADOR") ENABLE;
--------------------------------------------------------
--  Ref Constraints for Table DISTRITO
--------------------------------------------------------

  ALTER TABLE "HAPPYPAWS"."DISTRITO" ADD CONSTRAINT "FK_DISTRITO_CANTON" FOREIGN KEY ("IDCANTON")
	  REFERENCES "HAPPYPAWS"."CANTON" ("IDCANTON") ENABLE;
--------------------------------------------------------
--  Ref Constraints for Table EVENTOS
--------------------------------------------------------

  ALTER TABLE "HAPPYPAWS"."EVENTOS" ADD CONSTRAINT "FK_EVENTOS_PROVINCIA" FOREIGN KEY ("IDPROVINCIA")
	  REFERENCES "HAPPYPAWS"."PROVINCIA" ("IDPROVINCIA") ENABLE;
  ALTER TABLE "HAPPYPAWS"."EVENTOS" ADD CONSTRAINT "FK_EVENTOS_CANTON" FOREIGN KEY ("IDCANTON")
	  REFERENCES "HAPPYPAWS"."CANTON" ("IDCANTON") ENABLE;
  ALTER TABLE "HAPPYPAWS"."EVENTOS" ADD CONSTRAINT "FK_EVENTOS_DISTRITO" FOREIGN KEY ("IDDISTRITO")
	  REFERENCES "HAPPYPAWS"."DISTRITO" ("IDDISTRITO") ENABLE;
--------------------------------------------------------
--  Ref Constraints for Table HISTORIALMEDICO
--------------------------------------------------------

  ALTER TABLE "HAPPYPAWS"."HISTORIALMEDICO" ADD CONSTRAINT "FK_HISTORIALMEDICO_MASCOTA" FOREIGN KEY ("IDMASCOTA")
	  REFERENCES "HAPPYPAWS"."MASCOTA" ("IDMASCOTA") ENABLE;
  ALTER TABLE "HAPPYPAWS"."HISTORIALMEDICO" ADD CONSTRAINT "FK_HISTORIALMEDICO_COLABORADOR" FOREIGN KEY ("IDCOLABORADOR")
	  REFERENCES "HAPPYPAWS"."COLABORADOR" ("IDCOLABORADOR") ENABLE;
  ALTER TABLE "HAPPYPAWS"."HISTORIALMEDICO" ADD CONSTRAINT "FK_HISTORIALMEDICO_CITA" FOREIGN KEY ("IDCITA")
	  REFERENCES "HAPPYPAWS"."CITAS" ("IDCITA") ENABLE;
--------------------------------------------------------
--  Ref Constraints for Table MASCOTA
--------------------------------------------------------

  ALTER TABLE "HAPPYPAWS"."MASCOTA" ADD CONSTRAINT "FK_MASCOTA_TIPOMASCOTA" FOREIGN KEY ("IDTIPOMASCOTA")
	  REFERENCES "HAPPYPAWS"."TIPOMASCOTA" ("IDTIPOMASCOTA") ENABLE;
  ALTER TABLE "HAPPYPAWS"."MASCOTA" ADD CONSTRAINT "FK_MASCOTA_CLIENTE" FOREIGN KEY ("IDCLIENTE")
	  REFERENCES "HAPPYPAWS"."CLIENTE" ("IDCLIENTE") ENABLE;
